time_s,human_x,human_y,human_z
0.010561943054199219,1.324425215585173,0.28746943057533159,-0.50768882806412163
0.04053997993469238,1.3244553519191788,0.28726983794049687,-0.50763056185115296
0.07054591178894043,1.3244142023381835,0.28743807939662486,-0.50767446631858837
0.10056686401367188,1.3244476158002825,0.28739429515668524,-0.5077077581420969
0.1306447982788086,1.3244205268993654,0.28745158080462202,-0.50766797851948142
0.16060781478881836,1.3244501986256714,0.28727129835227722,-0.50760192985575392
0.19052886962890625,1.3244357156497324,0.2874355841658417,-0.50766333901954619
0.22055888175964355,1.3244293638924007,0.28744235904695248,-0.50770261992841581
0.2505819797515869,1.3244245333030733,0.28747375176774326,-0.50767229687175353
0.28059887886047363,1.3244098690883783,0.2874961372732921,-0.50768037191117654
0.3106038570404053,1.3244311858109707,0.28744262363346246,-0.50766979054805939
0.34053993225097656,1.3244356985310075,0.28747091583382001,-0.50765318787223301
0.3705179691314697,1.3244563500593345,0.28729325635293629,-0.50755599637489746
0.40050601959228516,1.3244280736364225,0.28748063485080355,-0.50766810896205983
0.43048691749572754,1.3244501422118853,0.28745416888809627,-0.50764940552260085
0.46053385734558105,1.3244406422089041,0.2874962845930204,-0.50768642023090238
0.49052000045776367,1.3244380081174452,0.28749972542661578,-0.50766510760358785
0.520561933517456,1.3244425440110041,0.28751008364494385,-0.50768076209540047
0.5505390167236328,1.3244613671870815,0.28747947758560433,-0.50763449675662442
0.5805709362030029,1.324467176362655,0.28755957971711699,-0.50770441328018046
0.6105649471282959,1.324465184541004,0.28749052843515366,-0.50764468805724472
0.6405339241027832,1.3244615196711214,0.28750332923604105,-0.50764863584789355
0.6705348491668701,1.3244535051369724,0.28749683568407242,-0.50765644193204007
0.7005138397216797,1.3244633551688056,0.28748691454928194,-0.50766226579890117
0.7306129932403564,1.3245301845900193,0.28733070597445931,-0.50751457734950511
0.7606258392333984,1.3244976596906608,0.28731955039251744,-0.5075088956095799
0.7905888557434082,1.3244643395876492,0.28750321805187817,-0.50764447700157334
0.8205339908599854,1.3244710278848872,0.28747094342824803,-0.50761395982092483
0.8505208492279053,1.3244557099469949,0.28747851840958144,-0.50770529532981712
0.8805408477783203,1.3244601520532697,0.28751894371883047,-0.50764727456311654
0.9105329513549805,1.324458121725796,0.28753135757176651,-0.50765269956432379
0.9405319690704346,1.3244741530406934,0.28750471274804384,-0.507618960841
0.970552921295166,1.3244638520841805,0.28752038336938124,-0.50766097107758279
1.0005638599395752,1.3244904074310098,0.28732462443453632,-0.50758765035542652
1.030707836151123,1.3244286010419342,0.28752681493770366,-0.50765195202932156
1.0606038570404053,1.3244326757648086,0.28747048377409451,-0.50765496888067996
1.0905258655548096,1.3244222778347909,0.28750438342307166,-0.50765634132573911
1.1205568313598633,1.3244194594509908,0.28749777648181951,-0.50766671297504207
1.1505248546600342,1.3244421657763583,0.28730655572273217,-0.50753041323326453
1.1805219650268555,1.3244094356594436,0.28745517480463834,-0.50769643632380723
1.2105138301849365,1.3244007216238796,0.28747040523751916,-0.50766091418180825
1.2405328750610352,1.3244050876323981,0.28761367666887683,-0.50763347913651313
1.2705199718475342,1.3243974412442852,0.28731806284580752,-0.50757901235542546
1.300508975982666,1.324402848312334,0.28730495284266278,-0.50750829334626801
1.3305659294128418,1.324386294275206,0.28729128644370139,-0.50758845892832949
1.360529899597168,1.3243856346352776,0.28731144730228247,-0.50757291607764243
1.3905138969421387,1.3243821236624838,0.28725573692572764,-0.50755527893570751
1.4205219745635986,1.3244039496337552,0.2874454883834715,-0.50759347380099984
1.4505128860473633,1.3245852788285621,0.28745648158507514,-0.50716136193527395
1.480517864227295,1.3240688854692642,0.28696646617498295,-0.50542392932656632
1.5106170177459717,1.3240610286631234,0.28657922927993695,-0.50348445057172608
1.5405349731445312,1.3227261612669317,0.2848192933373791,-0.49893548630328477
1.5706689357757568,1.3187691438910276,0.28210285668556118,-0.49246908661161992
1.600545883178711,1.3083040469503378,0.27587647554230948,-0.48100287294532623
1.6305630207061768,1.2916096638149221,0.26712903123198828,-0.46559374054826358
1.660578966140747,1.2758009402931281,0.25819687140481284,-0.45232567245897592
1.6905419826507568,1.2501192068678015,0.24437973283029021,-0.43425062474418336
1.720517873764038,1.2266567165194857,0.23218549934043317,-0.42131051098036959
1.750560998916626,1.1912086002384277,0.21218837195270837,-0.40578465228373922
1.7805688381195068,1.1526799889399137,0.18776309232358987,-0.39312288432772685
1.8105838298797607,1.1219207362933785,0.16742664655137227,-0.38597469444989596
1.8405330181121826,1.08064110100984,0.13844626962949899,-0.37845993547662016
1.8705339431762695,1.050160776817963,0.11550858056291378,-0.37456045658505432
1.900521993637085,1.0101760129356392,0.083133191040240736,-0.37207644124242006
1.9305930137634277,0.97164792579835368,0.049811936663357467,-0.37235865878425312
1.9605779647827148,0.94397082477729899,0.026262030674283936,-0.37333157980874027
1.9905707836151123,0.9080165344435619,-0.0037171108643566817,-0.37495504360460097
2.020709991455078,0.88253282109507103,-0.025909364566591171,-0.37725298623741244
2.0505847930908203,0.85056843781097746,-0.054523016706446534,-0.38279226146485024
2.08060884475708,0.81975448383469207,-0.080689320257703992,-0.38852876189139518
2.1105878353118896,0.79748502300078694,-0.10078023645397545,-0.39379334204704308
2.1405417919158936,0.7712042285618731,-0.12860271183071609,-0.40083298690999375
2.1705808639526367,0.75350159134433492,-0.14901151665968379,-0.40579055473853953
2.2005889415740967,0.73021953977006071,-0.17479084017964969,-0.41274883932069678
2.2307448387145996,0.70741160239075473,-0.20012607884340142,-0.4212893792450465
2.2610108852386475,0.69133261050338268,-0.21851760237346671,-0.4282925842000514
2.290611982345581,0.67031440988322788,-0.24084024230409004,-0.43679337967625664
2.3205440044403076,0.65547950567617008,-0.25785712692166329,-0.44529793366151138
2.35052490234375,0.6381759473686236,-0.2804204698989991,-0.45678872535883736
2.3806920051574707,0.62192407189898025,-0.30073464712951115,-0.46781372191269732
2.4105288982391357,0.60961388873438549,-0.31435369842889621,-0.47541802870215766
2.440513849258423,0.5944633662960459,-0.33315258483615801,-0.48694355906431308
2.4705088138580322,0.58067936247748897,-0.35120697647101939,-0.50019870583847625
2.500861883163452,0.56986476810279996,-0.36301410934148431,-0.5102993083020273
2.530535936355591,0.55618166198310881,-0.37492249159482982,-0.52202416884459013
2.560565948486328,0.54864665062941775,-0.38169510442971766,-0.52875850401017543
2.590601921081543,0.54182979870199233,-0.38863972942258113,-0.536286653844946
2.6205358505249023,0.53723805499135491,-0.39221757378375705,-0.54217753970869675
2.6505088806152344,0.53139651878456629,-0.39484021319480894,-0.55023693452230327
2.6805357933044434,0.52736897017140916,-0.39602808398314482,-0.5570615158041794
2.7105519771575928,0.52280630715344234,-0.39847781160797907,-0.56224326184599605
2.7405998706817627,0.51834573419062413,-0.39882780996827188,-0.56998541242009182
2.770566940307617,0.51560584742541238,-0.40022926509511508,-0.57411104691009851
2.800513982772827,0.51245279531882959,-0.40192918071058042,-0.57939269165873186
2.8306047916412354,0.50994123244827116,-0.40381460047751644,-0.58382598933423835
2.8609728813171387,0.50837754043059646,-0.40650024853646372,-0.58513401673438059
2.890516996383667,0.50650788960555315,-0.40695300271063845,-0.58909672231405308
2.920529842376709,0.50540092788044377,-0.40774545518919997,-0.59034240145499506
2.9505109786987305,0.50446837245903275,-0.40793395199604188,-0.59152215370809658
2.982477903366089,0.50489292769034821,-0.40706001856247381,-0.58961278787739002
3.010615825653076,0.50621175806262886,-0.40619190763456237,-0.5862116680922973
3.040550947189331,0.50774643714704115,-0.4026155789037586,-0.57677808626155125
3.0705599784851074,0.5104052221604829,-0.39825896120657395,-0.56442526909249879
3.100739002227783,0.51691197880837436,-0.38758275029377054,-0.54220846984808035
3.1305689811706543,0.528607225077809,-0.36963834526062139,-0.51461315933060892
3.1605749130249023,0.54140755207077229,-0.35208989401567964,-0.49392243789868112
3.1907529830932617,0.56239790572565707,-0.32442961493872924,-0.46906714948114692
3.221341848373413,0.58536805769806899,-0.28914380353876623,-0.44726686481999733
3.2505948543548584,0.60428111879260682,-0.25871170581116798,-0.43388231946238076
3.2805898189544678,0.63062981076554536,-0.21712058434565992,-0.42197544263025077
3.3105509281158447,0.65101259949208901,-0.18568327698346176,-0.41548494217892057
3.340528964996338,0.68064206685266548,-0.14137900602503048,-0.41137186349366417
3.370504856109619,0.70283940059882821,-0.10916848830796104,-0.40914386978759087
3.4005208015441895,0.73570850642900165,-0.065887930320080293,-0.40821334041492652
3.4305458068847656,0.77253294470220057,-0.024926264754929723,-0.40868188931567945
3.4605259895324707,0.80111458254296009,0.0030144385352949667,-0.41014978913112288
3.490530014038086,0.84260585785603914,0.036789821250967733,-0.41140070474208312
3.5205469131469727,0.87577710316298352,0.06017971655491465,-0.41215164353002093
3.5505528450012207,0.91972940731795727,0.089343436514489324,-0.4147802729569679
3.5805838108062744,0.96194661319390862,0.11611352604876822,-0.41608290120280611
3.610541820526123,0.994890685292108,0.13266051750958782,-0.41410383493976394
3.640509843826294,1.038373431796368,0.15003725131379961,-0.41070837039025254
3.6705729961395264,1.0683815594864861,0.16160971406886501,-0.40900759740894405
3.7005958557128906,1.1064196730828557,0.1762309086564092,-0.40663729186005726
3.7305448055267334,1.142204951716099,0.18844757360482631,-0.40401886474224663
3.760558843612671,1.1661342988519601,0.19688536348496036,-0.40380778485356839
3.790695905685425,1.1950982158866668,0.20925415526213484,-0.40635274655036008
3.8205628395080566,1.2149612533369414,0.21810149825011868,-0.41032683426637623
3.8505330085754395,1.2372515428238071,0.22879188869165515,-0.41795893850387666
3.8805549144744873,1.2565934591815031,0.23872291182970765,-0.4270878462093462
3.9105329513549805,1.2686322027616184,0.24553237977596745,-0.43428770351469276
3.9406299591064453,1.2804444683933756,0.25334089033319951,-0.4433189788216288
3.970592975616455,1.2871937339707826,0.25717137947738472,-0.44897660273533291
4.001447916030884,1.2937247131711329,0.26093894132129442,-0.45407761898676663
4.03057599067688,1.2977255176928986,0.26468137865737218,-0.45818081471496613
4.06053900718689,1.3000243817761938,0.26691062275182487,-0.46134924942712841
4.090511798858643,1.3014676023428517,0.26879420844448237,-0.46479972372353301
4.120532989501953,1.3023860716135252,0.26992675071863081,-0.46620822639537929
4.150555849075317,1.3037217748625001,0.27140553368206982,-0.46614716813611423
4.18058180809021,1.3044296992505866,0.27246568938118865,-0.46601950441806722
4.210525989532471,1.3048855716550101,0.27329768986042197,-0.46621667403216771
4.240533828735352,1.3050551320503856,0.27443404497667284,-0.46506694130782456
4.270547866821289,1.3040681488905093,0.27421956053324553,-0.46295414851590411
4.300570011138916,1.2979609413601843,0.27063313228843139,-0.4561248077380613
4.33053183555603,1.2862418381715077,0.2653112082088423,-0.44257735293096806
4.3605499267578125,1.2734192812038709,0.26004184166459543,-0.42856688067754156
4.390516996383667,1.2496149921269455,0.25190767896671534,-0.41022511864153377
4.420525789260864,1.2266857927813086,0.2447677248081048,-0.39769878906393047
4.450521945953369,1.1913677917270327,0.23375395759996512,-0.38339677774324021
4.4811999797821045,1.1519885533710104,0.22147032264059593,-0.37251893212670822
4.51056981086731,1.1204990887549298,0.21209382818532649,-0.36675416295927904
4.540574789047241,1.0772751720469005,0.19938192758966336,-0.36161099915069633
4.570594787597656,1.0441665636553776,0.18966146212877635,-0.35944815446442863
4.600589990615845,0.9986333426329419,0.17639863448120371,-0.35998961055244316
4.630568981170654,0.95224181608583369,0.16438789005335622,-0.36363687474572648
4.660584926605225,0.91731722885236022,0.15613452378593648,-0.36846313073420223
4.69058895111084,0.87018958953809011,0.14441418156647137,-0.37715117584071522
4.720534801483154,0.83575124288960645,0.13560447644590698,-0.38392024127281105
4.750555992126465,0.79136380548782859,0.12428440627818992,-0.39408146173759384
4.780563831329346,0.7484887796244879,0.11243364521115821,-0.40603232385001986
4.810570001602173,0.71841866283771882,0.10388172413413189,-0.41427830659910292
4.840519905090332,0.6810489142570979,0.093564036011486426,-0.42466678332579377
4.870523929595947,0.65475176692577053,0.086049025543742622,-0.43283686408856992
4.900496959686279,0.62348679364756732,0.07456664875087031,-0.44564776899158542
4.9305078983306885,0.59592522257453717,0.064965589661072756,-0.45931348244874548
4.961932897567749,0.5772650623504193,0.058486691934082333,-0.46774653671167671
4.990647792816162,0.55514580467681207,0.050987462317005253,-0.47922822145367333
5.020522832870483,0.53986818436482575,0.046593317774221585,-0.48899127321471025
5.0505149364471436,0.521086923073109,0.043073766459047383,-0.50314006196393901
5.080556869506836,0.50502986010773021,0.039845853744957929,-0.51652871107263088
5.110562801361084,0.49579760694060904,0.036904014197831805,-0.52591499908036798
5.14057993888855,0.48584237927187246,0.034292135004540245,-0.53639388002874311
5.170580863952637,0.47931218295949346,0.033323284301659553,-0.54346983433796558
5.200544834136963,0.47182156382333135,0.03312610087059556,-0.55134639953662845
5.230515003204346,0.46541059967091131,0.033411625787422794,-0.55875012226884657
5.260540008544922,0.46133519462160671,0.034379349848816687,-0.56423241298210824
5.290539979934692,0.45656608634522078,0.036365229331806095,-0.57109576686330532
5.320520877838135,0.45360003009196248,0.037449732768716576,-0.57574026243886034
5.350507974624634,0.45072332382265023,0.038184138804714121,-0.58106837173479498
5.380527973175049,0.44937894415241153,0.039155775566378143,-0.58342877276919958
5.4105119705200195,0.44972139633689995,0.040096914022699034,-0.58202515512275366
5.440514802932739,0.45331525782283189,0.040862558698369772,-0.57519102962873425
5.470542907714844,0.45917762843244725,0.04168760853029907,-0.56541695318055185
5.500516891479492,0.47199754107708958,0.043221303994173399,-0.54557353466552083
5.530606985092163,0.49337258234021603,0.04561133787754186,-0.51982244224730323
5.560534954071045,0.51537153078325004,0.048150991743426449,-0.4997312850582637
5.590734958648682,0.5511730238189092,0.054314354010278967,-0.47320278360993501
5.620551824569702,0.58216445157259511,0.06193896632171754,-0.45443968488731112
5.6505279541015625,0.62844535466592999,0.072881673049022253,-0.43251579429254078
5.680526971817017,0.67804216053724753,0.087516162852148346,-0.41380169381030069
5.710543870925903,0.71682394779736236,0.099657703032133851,-0.40246866898049038
5.740599870681763,0.76932398568052573,0.11564077255518836,-0.38987997032948241
5.770563840866089,0.80867538571168951,0.1282025401755047,-0.38334781203711243
5.8005218505859375,0.86300160956402094,0.14710168083522063,-0.37545697236463682
5.830511808395386,0.91981016632829538,0.16628212288427374,-0.36916024966936201
5.860512971878052,0.96114525366979997,0.17832217643800266,-0.36653773595542199
5.890523910522461,1.0135833936924776,0.19153858917203345,-0.36474606158259332
5.92057991027832,1.0650410517446525,0.20315497559234649,-0.36461162889407855
5.95061993598938,1.1015546014563475,0.21118321868678777,-0.3649140321935701
5.980597972869873,1.147728278526372,0.22034273923095868,-0.36514725890316252
6.010986804962158,1.1799323101698196,0.2263094128615962,-0.36560711620332104
6.040565013885498,1.2185542596569761,0.23387432542835365,-0.36813252349029874
6.070596933364868,1.242366523823857,0.23714311433231286,-0.37018820391318463
6.1005518436431885,1.266387952952857,0.2387321135325742,-0.37283309195339759
6.131865978240967,1.2841782903591019,0.24065748301648662,-0.37648949240352686
6.16070294380188,1.294270319480423,0.24320470405707065,-0.3810638291720212
6.190581798553467,1.304715682145611,0.24745342728729944,-0.38865354598819563
6.220541000366211,1.3107158447386775,0.25108899005732399,-0.39460520623226913
6.2505857944488525,1.3159873588920949,0.25607000987711781,-0.40162023939294128
6.280544996261597,1.3196086154057185,0.25969326622886191,-0.40547367352438374
6.310525894165039,1.3210459457685666,0.26236427889796876,-0.40806000780738522
6.34052300453186,1.3211330418801064,0.26637037253047025,-0.4109198052292885
6.371590852737427,1.3207140716982966,0.26957827812632196,-0.41323732164755417
6.400568008422852,1.3206297704611936,0.27136645631104972,-0.41386368887946756
6.430506944656372,1.3202381529001568,0.27429524917230752,-0.41513635186854486
6.460523843765259,1.3198410806660597,0.2763331426176156,-0.41690845329963355
6.49086594581604,1.3195333077264562,0.27851740642170852,-0.41853548406732388
6.520576000213623,1.319435243139496,0.2802709822379516,-0.41950203908523237
6.550557851791382,1.3191788579131685,0.28273548320732134,-0.42048117819147213
6.5806379318237305,1.3185213172781713,0.28463126309277431,-0.42105746027885693
6.610574960708618,1.3177230978354699,0.28605067237800363,-0.42234245897895467
6.6405558586120605,1.317991176107387,0.28748089683485956,-0.42322556230746611
6.6705238819122314,1.318384455732305,0.28829676315312736,-0.42389582926818931
6.7005579471588135,1.3186902130557838,0.28896291409800628,-0.42440789280019225
6.730547904968262,1.3184823606469451,0.28905868232458676,-0.42421487934792873
6.760535955429077,1.318498059062815,0.2892245364683535,-0.42403276507045096
6.790534973144531,1.3185638231897145,0.28989508739500641,-0.42397573326228799
6.820515871047974,1.3184678519148891,0.29058794388926695,-0.42392235756998914
6.850517988204956,1.3181882552924928,0.2914421033118671,-0.42368568173317406
6.880508899688721,1.3168931734614377,0.2923582477648809,-0.42399933354597502
6.910534858703613,1.3149522519886259,0.29283185291262664,-0.42399516025301442
6.940531015396118,1.3124693526523192,0.29394445586494938,-0.42495984668965192
6.970541954040527,1.310550188569146,0.29453106950201363,-0.42551523525684631
7.000516891479492,1.3076845198681681,0.29502416922682695,-0.42537079838749786
7.030527830123901,1.307141757479668,0.29525337321068401,-0.42554911641518645
7.0606489181518555,1.3075624211814918,0.29495441009863316,-0.42564372163637065
7.090598821640015,1.3068364106367027,0.29432644265106794,-0.42593882906806535
7.120555877685547,1.3067404255767783,0.29383035252443895,-0.42635481572400002
7.150548934936523,1.3069885205246627,0.29333780860269043,-0.42638947126022031
7.180536985397339,1.3079924375212189,0.29317635473297049,-0.42645491429845661
7.210599899291992,1.3089590422978643,0.29287752956112245,-0.42619157630322485
7.24058985710144,1.3112901814092688,0.29371369025734767,-0.42598169597511237
7.27054500579834,1.3129483735119398,0.29398775004744782,-0.42571464706375156
7.3010149002075195,1.3134493066920183,0.29346682503055344,-0.4262853749979898
7.3305299282073975,1.3136194908233807,0.29165945205280353,-0.4268430978791794
7.360534906387329,1.3142253778282005,0.29001205069378672,-0.42601596206480008
7.390537977218628,1.3157943272661132,0.28618779323509347,-0.42262800988632193
7.420519828796387,1.3171446545079983,0.28150281399034754,-0.41721446136119067
7.4505438804626465,1.321090211750152,0.27105825225457669,-0.4058061739383747
7.480556964874268,1.3269103149745467,0.2570147597084545,-0.39308867193611796
7.510527849197388,1.3307062313978828,0.24425651574038934,-0.38405498431895913
7.5406129360198975,1.3362642712238979,0.22281603128585512,-0.371715337892011
7.570575952529907,1.3422898081040708,0.2037638235128347,-0.36167944345973996
7.600545883178711,1.352017339364147,0.17548061654337563,-0.34666658437840747
7.630530834197998,1.3642568707492204,0.14334041362310465,-0.33035830801830934
7.66056489944458,1.3755267482002422,0.11729532359989568,-0.31635392180472649
7.690607786178589,1.3931492464197015,0.080718166246469311,-0.29661809172983183
7.720547914505005,1.407995392422358,0.0520215507254944,-0.28100460319836978
7.750577926635742,1.4298128460776103,0.014379482672503534,-0.25945275353317432
7.780639886856079,1.4514176977470394,-0.022973029066857959,-0.23830037524508785
7.810582876205444,1.4690205399429963,-0.051165624312448435,-0.22301682324837591
7.840545892715454,1.4949070573407832,-0.087590979060858401,-0.20450449395359105
7.8705198764801025,1.5170169378410192,-0.11314032631875638,-0.19264062940801607
7.900515794754028,1.5501452976463017,-0.14745393635106915,-0.18043526896550027
7.930523872375488,1.5845656785609714,-0.18143888435046993,-0.17431519839289228
7.960568904876709,1.6063951906733793,-0.20454918240987993,-0.17312668232820438
7.990570783615112,1.6279367703240213,-0.23184852365155248,-0.1745429692570632
8.020509004592896,1.6432322512803244,-0.24938549664436957,-0.17933863958648599
8.050567865371704,1.6647632665046936,-0.27090490146769042,-0.18996793164800463
8.080559015274048,1.6825653693536426,-0.28997458391983844,-0.20200034080962015
8.110541820526123,1.6929566944433327,-0.30104390765473293,-0.21197040651875271
8.140621900558472,1.7015571782370467,-0.31004494194386173,-0.22467349447781793
8.170926809310913,1.7036040184931158,-0.31305798564001591,-0.23211218341964535
8.200567960739136,1.7036557991396446,-0.31368736616135934,-0.23852578452475676
8.230556011199951,1.7038041485890154,-0.31523055584476012,-0.24401046001536247
8.260540008544922,1.7033904401476021,-0.31501137510490729,-0.24823243203290279
8.290576934814453,1.702864834977871,-0.31427994182444174,-0.25374691574448799
8.320582866668701,1.7024818029565396,-0.31350612952597817,-0.25919681772720288
8.350520849227905,1.7022990356405256,-0.31275784023791503,-0.26336112394693695
8.380510807037354,1.7020121608104972,-0.31204200666882714,-0.2680594015313052
8.410506010055542,1.7018620317286386,-0.31214394115348104,-0.26985058670510192
8.440521955490112,1.7012288712557755,-0.31242610232238816,-0.27043790403872647
8.470570802688599,1.7010550613220161,-0.31300690848491008,-0.27124282147088891
8.500526905059814,1.7004891355467071,-0.31231037405379397,-0.27122378729068114
8.530521869659424,1.7011784385406705,-0.3144291335865389,-0.27125283510800757
8.560525894165039,1.6987693195054674,-0.31373557525194734,-0.26921085142911516
8.590547800064087,1.6923248574984955,-0.30989297958156847,-0.26072215800812759
8.620532989501953,1.684922530074773,-0.30508338926866668,-0.25075314605803362
8.650540828704834,1.6680534068161534,-0.29166622346446169,-0.23481353877218408
8.680526971817017,1.6446777677100519,-0.27275109639899703,-0.21795944792071309
8.710546970367432,1.6242382635158086,-0.25606502416493004,-0.20602350172025646
8.741643905639648,1.5920445251061328,-0.23019726489209166,-0.19303005981003013
8.770563840866089,1.5651373204931951,-0.20904627374823173,-0.18790851832689609
8.800561904907227,1.5263002999218098,-0.18279008521817505,-0.18643685237417063
8.830523014068604,1.4873253287865442,-0.15827028816202834,-0.19048253848455465
8.860521793365479,1.4591023502258522,-0.14075406265582954,-0.1977312961661995
8.89050579071045,1.4243697278789929,-0.11663730547867869,-0.21195266313162592
8.92054796218872,1.3991413281912222,-0.097155783329637938,-0.22706817151580855
8.950520992279053,1.3640688345280374,-0.067991369463396692,-0.25047098738128926
8.981822967529297,1.3359390499617092,-0.044791613514410647,-0.26925516254071491
9.010555982589722,1.2949376716810073,-0.012596970971859262,-0.295092039755316
9.040507793426514,1.2452702706063785,0.018775233058400103,-0.31847545154208284
9.070552825927734,1.2050683435044864,0.038043413551198266,-0.33406777954053346
9.100761890411377,1.1537187186687916,0.058643254523760277,-0.35352963815667204
9.13060188293457,1.0986125100305815,0.075189336929197922,-0.36892513360706031
9.160581827163696,1.054354276308999,0.081497304503256471,-0.37575375107614722
9.190591812133789,1.0005825143450591,0.080649856916180249,-0.38378773215394102
9.22138786315918,0.95040143564469071,0.076146081930734397,-0.38937417228538151
9.250571012496948,0.91054173089971824,0.067546794592694234,-0.39049414693506296
9.280537843704224,0.86006982370956087,0.044654354136933402,-0.39103268233757937
9.310521841049194,0.8260454460343668,0.021157659115583354,-0.39328239746045973
9.340514898300171,0.78520149430289476,-0.012843270433538934,-0.39868169977864465
9.370512962341309,0.75666430286203334,-0.037511662543181681,-0.40052726452706189
9.400582790374756,0.72408335339356689,-0.073099482696109233,-0.40356468821745239
9.430508852005005,0.69554894944051227,-0.11053336067473495,-0.4110509353263968
9.461376905441284,0.6763608950472294,-0.13943835122386358,-0.41684922081431786
9.490600824356079,0.6546076715161161,-0.17786090458106676,-0.42574840047909968
9.520591974258423,0.64095696787686374,-0.20440165316845646,-0.43274917982529038
9.550932884216309,0.62255018376487647,-0.23828553757439364,-0.44318154502303714
9.580590009689331,0.60553667735836136,-0.27091625790736262,-0.45503017133848211
9.610574007034302,0.59475553412855298,-0.29312114950224866,-0.46351992011513538
9.640584945678711,0.57966484962633391,-0.31877486729603327,-0.4746648246849387
9.67403793334961,0.56406719175751319,-0.34197389475923762,-0.48802912378742869
9.70056700706482,0.55388468141353675,-0.35722822897113321,-0.49749728244812624
9.730583906173706,0.54082473445849599,-0.3742730404560568,-0.50869924615858619
9.76053786277771,0.53148056525220733,-0.38462452667658253,-0.51728701807869215
9.79109001159668,0.52079016244236154,-0.39799551901501734,-0.5291188722085296
9.820641994476318,0.51095213005683326,-0.40830534514687244,-0.54102218664985924
9.8505117893219,0.50434299682622918,-0.41472767333836785,-0.54910820570631202
9.88053297996521,0.49709185934442479,-0.42137319557549396,-0.55977049133760381
9.911279916763306,0.49326152573224208,-0.42590467701796569,-0.56616358635882191
9.94064998626709,0.48962296166430846,-0.43050526809552447,-0.57322949954316571
9.970531940460205,0.48538298325197049,-0.43294503300457859,-0.58344478225441188
10.00050687789917,0.48422722519109351,-0.43469753970637798,-0.58849667998727262
10.030532836914062,0.48476389637116124,-0.43684383707622393,-0.59510449107562124
10.060575008392334,0.48427897341446524,-0.43755617928625279,-0.59911107868261759
10.090621948242188,0.48268421321596733,-0.43890737495087001,-0.59916151146352925
10.120582818984985,0.48079286219990092,-0.43997846939573798,-0.60019362579194202
10.151142835617065,0.47935548940698758,-0.44061220555869646,-0.59343734943429405
10.1805739402771,0.47841475193069694,-0.43696604211956519,-0.58497755640629812
10.210584878921509,0.47480925879981462,-0.42797237318371373,-0.59254463620092912
10.240559816360474,0.48357420869684131,-0.42779227955006283,-0.5643272397287824
10.270608901977539,0.49025722366735452,-0.41485572048991143,-0.54282757585299923
10.300548791885376,0.49882938581207997,-0.39665080920692136,-0.52139275889120651
10.330537796020508,0.51083892690622845,-0.37347848112540077,-0.49996806398763993
10.360519886016846,0.52268758196511356,-0.35286268296888862,-0.48395907616597694
10.390646934509277,0.5407930138214524,-0.32076245649480301,-0.466735353248036
10.42051887512207,0.56118808242628848,-0.2847801135173012,-0.4534122903820938
10.45057487487793,0.57863249835977015,-0.25481596220368913,-0.44475809717776688
10.480597019195557,0.60471792397309154,-0.21190292335990482,-0.43667754852379181
10.510567903518677,0.62587571933664687,-0.17892154141567987,-0.43151746739722768
10.540599822998047,0.65811951646353362,-0.13138474811686038,-0.42713115397534152
10.570563793182373,0.69225530824075909,-0.083882590145417199,-0.42730370646488525
10.600505828857422,0.71885083603620348,-0.049304566329329072,-0.42789305565551139
10.63053297996521,0.75789859557489903,-0.003348792171371062,-0.42765909841028105
10.660559892654419,0.78930227860704016,0.029750724874227263,-0.42831886404756325
10.69054388999939,0.83174892460778238,0.070857910080733319,-0.42913499848148645
10.720553874969482,0.86603759209487741,0.098668374873837686,-0.42740267596167975
10.750524997711182,0.91614221510640959,0.13120616167248009,-0.42408814457158678
10.78053593635559,0.96525731395508541,0.15885839498038323,-0.42160606766795578
10.81050992012024,1.000892432951388,0.17611841877556875,-0.41871618916364223
10.840524911880493,1.0482518222161832,0.19438976287072099,-0.41415778696420402
10.870527982711792,1.0930285299416937,0.21144494412886225,-0.4113824920243816
10.900510787963867,1.1253676814687101,0.2237556299485717,-0.40990077889946402
10.930522918701172,1.1653270368713489,0.23654274709277759,-0.40828281130304278
10.960741996765137,1.1908119906243246,0.24355367227520544,-0.40829449565995074
10.990664958953857,1.2182465927441171,0.25172489985679708,-0.41117394646935929
11.020541906356812,1.2412062910538144,0.25806277809906508,-0.41455996829003516
11.050625801086426,1.2553924721935275,0.26162909230573711,-0.41732571223516141
11.080626010894775,1.2683247430070128,0.26556126118495621,-0.42360211550785742
11.110553979873657,1.2759534425420136,0.26868682943240629,-0.4291894549133784
11.140667915344238,1.2862734081982352,0.27267409394044123,-0.43573771050232629
11.17057180404663,1.2940679226449314,0.27617526958937255,-0.44272984862122577
11.200861930847168,1.2978407530761582,0.27869761268697385,-0.44838027337740388
11.230547904968262,1.3016646173308248,0.28159443973157533,-0.45499912370203305
11.26082992553711,1.3039651562682852,0.28360570392008644,-0.45803376100453735
11.290650844573975,1.3054662729782873,0.28495405746353097,-0.45878449685351069
11.320684909820557,1.3043705569397777,0.28575426870437054,-0.4597497227451961
11.35056185722351,1.303203354085736,0.28558912578854623,-0.45948296987086612
11.38050889968872,1.2961769517032375,0.28386573101890544,-0.45442253220365919
11.410517930984497,1.2844471138735361,0.28037493689308168,-0.4453894183490571
11.440563917160034,1.260151745881354,0.27393020781874211,-0.43044696752847073
11.47051191329956,1.2266612368586762,0.26577451775582239,-0.41576677214486107
11.500557899475098,1.1951457508708132,0.25750761318431931,-0.4064092633999285
11.530544996261597,1.1458152519329727,0.24260044043439452,-0.39698051758975095
11.564396858215332,1.0920148367710913,0.2243752202522156,-0.39057822023865063
11.590644836425781,1.0515907526861383,0.20870658900085773,-0.38754683028599896
11.62059998512268,0.99693158479893873,0.18591380673419775,-0.38869457184095701
11.650559902191162,0.95496263471299303,0.16880410573913854,-0.39306265361355797
11.680603981018066,0.89992592285260564,0.14732221397387876,-0.40117724736551585
11.710760831832886,0.86020244906460608,0.13223024830162369,-0.40848097240314241
11.740572929382324,0.8089577625593628,0.11586902641507719,-0.41979981520480647
11.770627975463867,0.75959578333061906,0.10302768606953082,-0.43299988841168113
11.800518989562988,0.72519641480735986,0.094612067429789212,-0.44328466202866323
11.83051085472107,0.68354481795619071,0.084847163019443964,-0.45648088342784077
11.860532999038696,0.65428039836118235,0.078222383763374134,-0.46795542649312005
11.890515804290771,0.61838396782525906,0.07389179610817119,-0.48320612636325988
11.920552968978882,0.58741457963542643,0.071980269516001352,-0.49485952660529819
11.950536012649536,0.56832659358419824,0.069243840370886864,-0.50368625842954995
11.980535984039307,0.54798479651300724,0.065074242707486199,-0.51653770538270893
12.010512828826904,0.53494739605483488,0.063818633253325416,-0.5246663061220016
12.040520906448364,0.51943238236791933,0.063904478939309103,-0.53224056712906842
12.07059383392334,0.5081836458976593,0.062345917729077036,-0.53989609791550797
12.123188018798828,0.50581178800531035,0.061884253797538633,-0.54190262171925496
12.130527019500732,0.49322469676824426,0.061432616114700564,-0.55493127308191303
12.160620927810669,0.48791546757473908,0.062323985820258998,-0.56127526073577394
12.190603017807007,0.48351262749806417,0.063315421012141215,-0.56800337997266637
12.220520973205566,0.48059820201572584,0.064440640424846179,-0.57205927845920723
12.25053596496582,0.47930484557571834,0.066188726645113841,-0.57477189760637937
12.280564785003662,0.4784829298189458,0.069828872446751664,-0.58030139104567435
12.310529947280884,0.47790028819301794,0.070238497241808168,-0.58321909883140777
12.340540885925293,0.47880493099247096,0.070149956737303495,-0.58234802366927096
12.37102484703064,0.48143413844393651,0.070308327299725595,-0.57779091988637177
12.400519847869873,0.48459683085444555,0.069379907202642296,-0.57238465825828788
12.430508852005005,0.4915864437843252,0.067300868095114486,-0.56191049878180921
12.460542917251587,0.49928855758298746,0.066633682202805952,-0.55144025435846555
12.490623950958252,0.51316968667826168,0.067741622698305401,-0.53430089744626286
12.520648002624512,0.5270628563148646,0.069716281338062167,-0.51945964227746944
12.550616979598999,0.55172474549938288,0.074345960092228339,-0.49826044504170119
12.580549001693726,0.58413404470816876,0.080160544909062645,-0.47703954290732109
12.611317873001099,0.61209029150556094,0.085438409881116353,-0.46207103116483017
12.640618801116943,0.65333960683136394,0.095111080713561766,-0.44302689138507323
12.670545816421509,0.69954695716223969,0.10668882113093896,-0.42651973227596751
12.700569868087769,0.73612549740150823,0.11589028433891545,-0.41642241417844661
12.73212194442749,0.78665416635004515,0.12980469255472557,-0.40511124189275644
12.760583877563477,0.82611525617858617,0.14144380979149093,-0.39785481618221746
12.790530920028687,0.87785213403632423,0.1562480899981244,-0.39070207794678236
12.820521831512451,0.93163193702108138,0.16981059326937953,-0.38549776850382406
12.850722789764404,0.97282134481041338,0.17951484578510632,-0.38231722388766726
12.880598783493042,1.0248341914225472,0.19048681864930081,-0.37875072485889011
12.910523891448975,1.0625610550672908,0.19681553737081739,-0.37616765937032209
12.940512895584106,1.1112066087495343,0.20372139383156737,-0.37347055590639222
12.97057580947876,1.1556240907532223,0.20992180696787513,-0.37185205820598055
13.00056791305542,1.1863186301180384,0.21369846230577197,-0.36975955781742459
13.030857801437378,1.2231546235042627,0.2156747030822985,-0.36576382010780595
13.060595989227295,1.2462323034353808,0.21654583516195255,-0.36358786921002867
13.094316005706787,1.273092213153876,0.21870431706092067,-0.36142350990990252
13.120670795440674,1.2968251937270221,0.2211128619599845,-0.35962136239291154
13.150588989257812,1.3099256015985792,0.22262281248160579,-0.35992620223232435
13.180557012557983,1.3225097851748842,0.22467798409506254,-0.36183993190557795
13.210580825805664,1.3311192084843499,0.22665954667795904,-0.36355036115320444
13.240569829940796,1.3399835970197398,0.2294564961681472,-0.36666298668635039
13.270598888397217,1.3459303089467944,0.23125125298057411,-0.36959677211286979
13.300555944442749,1.3486679383549791,0.23220316273279898,-0.37185217979274293
13.331614017486572,1.3502019075242073,0.23433467229159141,-0.37526973638464878
13.360533952713013,1.3505187778646539,0.23706510483447654,-0.3775787107195403
13.390541791915894,1.3503208388421091,0.23970700666863551,-0.38003780865377712
13.42054295539856,1.3493631376934685,0.24207913080286811,-0.38426536223269159
13.450533866882324,1.3483840021039324,0.24463837088243415,-0.38706717636094479
13.480534791946411,1.3471617111515746,0.24764747887528513,-0.39057534804375338
13.510524988174438,1.3458692133110091,0.2503073294214575,-0.39331260907825966
13.540522813796997,1.3441885745633901,0.25428414722742376,-0.39659536775624166
13.575861930847168,1.3422821788401347,0.25741164079715884,-0.399278249856856
13.60057783126831,1.3398960088579817,0.25999683094510206,-0.40188535193118952
13.630533933639526,1.3374779512084394,0.26296056921541089,-0.40429511111327682
13.660545825958252,1.3362462779230613,0.26506412090151549,-0.40603909079901745
13.690655946731567,1.3342350073951283,0.26718070121943288,-0.40866325584775459
13.720600843429565,1.3324654679799686,0.26919887701040895,-0.41127684000504328
13.750533819198608,1.3316818447735801,0.27013264128683617,-0.41305451053879311
13.780526876449585,1.3309045015225367,0.2709569563212319,-0.41488304015838007
13.810513973236084,1.330675792923294,0.27173590466443082,-0.41623875194279597
13.840535879135132,1.3311781403886755,0.27248062222007763,-0.41729023930561981
13.870556831359863,1.3318996022147909,0.27320211928175303,-0.41796645746003946
13.900515794754028,1.3324669484921965,0.27395022899014781,-0.419064547628622
13.930535793304443,1.3328947950217871,0.27474108189532431,-0.42013850733759422
13.96052885055542,1.3328809260222401,0.27529988486013668,-0.42110429293255469
13.990541934967041,1.3327076917578566,0.2759683506428135,-0.42137861929890552
14.020671844482422,1.3320527277673693,0.27653971495292462,-0.42135396714002427
14.050527811050415,1.3315017936809275,0.27708858587513785,-0.42141262196995227
14.080525875091553,1.3306121061295761,0.27774600270389743,-0.42132589561790101
14.110538005828857,1.3298492288743473,0.27825342256022217,-0.42126025985448429
14.145366907119751,1.3286542358499005,0.27883191558820519,-0.42125830058017594
14.170594930648804,1.3270168652122243,0.27957885343843542,-0.42138572052442058
14.200564861297607,1.3257858263770501,0.2800197057013506,-0.42127016818528079
14.23052191734314,1.3239489769025989,0.28069464127475913,-0.42128550977805901
14.260588884353638,1.3223067625992913,0.28131277441294128,-0.42144756880128154
14.290565013885498,1.3201921036434106,0.28152478516247054,-0.42088665214233195
14.320592880249023,1.3183840706600807,0.28181981490463115,-0.42118426438431222
14.350539922714233,1.3171984473877234,0.28181486497021968,-0.42142641290710586
14.38050889968872,1.3161688850131961,0.28191507011771144,-0.42174935107079359
14.410515785217285,1.3157108678530831,0.28222554886672607,-0.42208051074422542
14.440549850463867,1.3153545435301783,0.28248463822196357,-0.4219517816058842
14.470672845840454,1.3148566189499786,0.28223025768587323,-0.42146792180837228
14.500561952590942,1.3145176882691854,0.28191590912781911,-0.42166599291652029
14.530573844909668,1.3141975074215075,0.28150190109014867,-0.4216635251393307
14.560702800750732,1.3139147645577949,0.28142600573213783,-0.42183754861767148
14.590519905090332,1.3134846248104524,0.28140309083204706,-0.42184169199998378
14.620768785476685,1.3132242695645011,0.28136598452881234,-0.42171500126953604
14.650573968887329,1.313105136355496,0.28175079030684735,-0.42155869916431821
14.680550813674927,1.3128310269070322,0.28265546002307779,-0.42183255479409371
14.710554838180542,1.312685544078807,0.28372283304333407,-0.4227235185085727
14.740592956542969,1.3131451399225647,0.28542874638056526,-0.42411316560375223
14.770606994628906,1.3127880519759307,0.28675406404759513,-0.42470148942428498
14.80055284500122,1.3125388295307829,0.28766162693273828,-0.42483580502601764
14.830514907836914,1.311050923597983,0.28813240924423877,-0.42480464150050684
14.860757827758789,1.3098705330738043,0.28862328997184922,-0.42491899595922311
14.89052700996399,1.3109846793325564,0.28995306002096344,-0.42461256660324886
14.920508861541748,1.3125657971889595,0.29056355662245698,-0.42439684500723113
14.950507879257202,1.3129124185882084,0.29005981334643521,-0.42453250766871659
14.98052978515625,1.313169494575861,0.28884020226954782,-0.42459178038099316
15.010541915893555,1.3137237377608431,0.28860392324796408,-0.42466208593684096
15.040529012680054,1.3143547182710384,0.28851278705430361,-0.4246008560386525
15.070653915405273,1.3144792261351423,0.28792189904161791,-0.42480344084504512
15.100672960281372,1.3152907299076193,0.28739984828585496,-0.42505744479441793
15.130574941635132,1.3169378714240683,0.28655699607068746,-0.42509826450777616
15.16050386428833,1.3173612886460129,0.28534606066811752,-0.42529154171772865
15.19051194190979,1.3175506077850783,0.28243164126816928,-0.42579576789060236
15.224318981170654,1.3177463788659016,0.28020729418359647,-0.4263010652197527
15.250580787658691,1.3179887296385475,0.27818001648066232,-0.42842684449299073
15.280517816543579,1.3178605766295313,0.27792368749040192,-0.43219086941558832
15.310511827468872,1.3178965489010834,0.27770832292078146,-0.43450581804035976
15.340526819229126,1.3177317032095859,0.2778372608294441,-0.43613174583621922
15.37053394317627,1.3175942368231977,0.27800858362474273,-0.43720426093725573
15.400542974472046,1.3174840235057819,0.27808930414833433,-0.43723050593820989
15.430506944656372,1.3181803477443665,0.27790202825558596,-0.43560139107831075
15.46052598953247,1.3193512767436748,0.27702459410319596,-0.43252963995087945
15.490520000457764,1.3220563136908137,0.27366642205114478,-0.42396629677924791
15.520527839660645,1.3249356145983056,0.26653038544066482,-0.41082691315144082
15.550588846206665,1.3265879061399983,0.25780967341301703,-0.39822371927830719
15.580530881881714,1.3286757142491465,0.24218871914583021,-0.37903565533165756
15.610520839691162,1.3310302721285585,0.22772004398883203,-0.36323063231374009
15.640542984008789,1.3355848930349374,0.2045237542445382,-0.33997013301125567
15.670555830001831,1.3423409815109224,0.17775329770433959,-0.31539526605462098
15.700522899627686,1.3483486908670119,0.1562092673879806,-0.2967756301858267
15.7305908203125,1.3574641533759175,0.12573501869438589,-0.27233153735207011
15.76059889793396,1.3654132799510554,0.10143096970191966,-0.2547435922706876
15.790520906448364,1.3770570793218537,0.068979071510791898,-0.2329490093638385
15.820555925369263,1.3902842762269954,0.03704981639028547,-0.2124167012960082
15.850533962249756,1.4011730005505321,0.013090898186488602,-0.19760055672880822
15.880525827407837,1.4181223964552259,-0.019059173826793136,-0.17873967051079448
15.910531997680664,1.4334903664756675,-0.042653387044210136,-0.16558462592725354
15.940521001815796,1.4570189410768444,-0.073147983238094419,-0.14994972386695044
15.970526933670044,1.4821718579318037,-0.10443572118220042,-0.13600091709723405
16.00054383277893,1.5013298337729468,-0.1294791550075988,-0.12745825208661543
16.030537843704224,1.5290989895622675,-0.16191315664672248,-0.11839035333910963
16.060518980026245,1.5512734961109402,-0.18549357152036747,-0.11422078677960718
16.090513944625854,1.5804391347938485,-0.21668678068841804,-0.11301903188349144
16.120551824569702,1.6092973388734748,-0.2468650354260695,-0.11735989775648958
16.15054678916931,1.6305153522437035,-0.26814165497714432,-0.12417140244604757
16.180510997772217,1.6555618914754684,-0.29370392840313625,-0.1370715895323692
16.210513830184937,1.6701366804124544,-0.3100781301296443,-0.14880347838692398
16.24056601524353,1.6861156854418364,-0.32792164566524351,-0.16577269330912164
16.270572900772095,1.6993228878775721,-0.34407530969555805,-0.18206627168998674
16.300840854644775,1.7070674964596577,-0.3534116778075877,-0.19343764550385295
16.330508947372437,1.7150139043746411,-0.36198009002462866,-0.20854735997596119
16.360509872436523,1.7189890200927647,-0.36802793421063901,-0.21757844354478939
16.390563011169434,1.7257413483950175,-0.37535269508322666,-0.23052382712722541
16.42057991027832,1.7317111678733286,-0.38162362694160129,-0.24249250532652439
16.450525999069214,1.7350087816451385,-0.38513227495459623,-0.25033747091439729
16.48051881790161,1.7374913556946703,-0.38873612748658753,-0.25836813237190875
16.5105619430542,1.7386785585260585,-0.39075540033013634,-0.26219751077776088
16.540754795074463,1.7400513779483706,-0.39242543537694247,-0.26774525131266674
16.57055401802063,1.7401517645057827,-0.39332356218893066,-0.27061567357158317
16.600515842437744,1.7402751675833521,-0.39462942855558247,-0.2736838462513892
16.630584001541138,1.7404119279020107,-0.39588405948048427,-0.27687473105287996
16.66115379333496,1.7408873917126089,-0.39697591567462748,-0.2772321706964731
16.69059681892395,1.7404565127695422,-0.39671519164693436,-0.2769307468095113
16.720573902130127,1.7403050126717761,-0.39630985010041087,-0.27729120075230101
16.75055980682373,1.7390290292378054,-0.39462673424694905,-0.27815326948464358
16.780526876449585,1.737114908607176,-0.39245008365939082,-0.27490727522062491
16.810513019561768,1.7353787185374661,-0.39107062161979111,-0.27075117001737947
16.840535879135132,1.7300065468946726,-0.38602225275265317,-0.25846328819366809
16.870526790618896,1.7196272926634746,-0.37389447175117413,-0.23860899456044599
16.900513887405396,1.7125703531270586,-0.36355804198378322,-0.2247096331863106
16.930539846420288,1.6956721064979217,-0.34409016584678731,-0.20355013625423002
16.960510969161987,1.6799675592558641,-0.32656009969397876,-0.18807231926711171
16.990518808364868,1.6558271012020418,-0.29982484180460356,-0.16946756008382347
17.020577907562256,1.6349568195131465,-0.2775920616472648,-0.15712732205320362
17.05056095123291,1.6040856273737882,-0.24691636556351912,-0.14365137764224545
17.08053994178772,1.5707148674961084,-0.21601445402226363,-0.13474581714426881
17.110532999038696,1.5456136645849778,-0.19277160786953171,-0.13241468171270571
17.14237689971924,1.5113333652560439,-0.16376730868565734,-0.13189320605858018
17.170557975769043,1.4774581844540664,-0.13808303399102514,-0.13435892984356268
17.200589895248413,1.4535140044015,-0.1200446615274587,-0.13862066213330654
17.230525970458984,1.4222813151487474,-0.097858623844736495,-0.14638253848505284
17.261603832244873,1.399757183066368,-0.082088635400230606,-0.15287880695845391
17.29057788848877,1.3706589859492415,-0.063876968611550802,-0.16248034003949868
17.320530891418457,1.3430852188078057,-0.046562223249678306,-0.17296249942102043
17.350510835647583,1.3233221707719389,-0.034090698652907939,-0.18168514598722191
17.38050389289856,1.2972019044712564,-0.018668383553243923,-0.19248553881579694
17.410520792007446,1.2772753072318994,-0.0082977648054608118,-0.20103970062596471
17.440571784973145,1.2495857313614718,0.0046713902170609058,-0.21318925671241623
17.47055196762085,1.2210987951197156,0.017575119181585313,-0.22422836595920009
17.500590801239014,1.1995792627351092,0.027024284730635544,-0.23143172647162019
17.53056001663208,1.1672386035454856,0.037704433048886807,-0.24315335106994673
17.56050992012024,1.1383021676918452,0.04374119711176104,-0.25298714807801709
17.590511798858643,1.0981421479881179,0.049709148101898734,-0.26384430110699442
17.621354818344116,1.069232058620873,0.053361476811724748,-0.27094388464963154
17.650685787200928,1.0279025160152289,0.055788533736334786,-0.28224950039459151
17.680577993392944,0.983212421883771,0.053832896768307867,-0.29344099639289223
17.71054196357727,0.95096271305689117,0.051392590041898153,-0.30027004038973332
17.74058485031128,0.90929007281708996,0.047829069115933806,-0.30894866901583695
17.77071785926819,0.87787394842681377,0.044628118800938796,-0.31617881703434647
17.800678968429565,0.83789844451002626,0.038430970105350445,-0.32446804267087959
17.830543994903564,0.80337494992433478,0.027021695576134135,-0.33115407984103329
17.86052894592285,0.77941498368928863,0.014092945755564561,-0.33693068611481664
17.890535831451416,0.75018852193808971,-0.0062100933702665282,-0.34305339684590191
17.920521020889282,0.7280720386868117,-0.027325240500045356,-0.34386800596064915
17.950556993484497,0.71579200172322421,-0.043766518434306192,-0.34355113610330218
17.98053479194641,0.70084055346776064,-0.065873303633770239,-0.3434171454551842
18.010586977005005,0.6896523758890164,-0.081093102584827062,-0.34375161434679402
18.040602922439575,0.67512013813931493,-0.10172225242604023,-0.34589915763462664
18.07055687904358,0.65995501780139576,-0.12374002639329519,-0.35071244810069513
18.100541830062866,0.64702394894904858,-0.14133336021089807,-0.3561428524756568
18.130539894104004,0.62850377395122836,-0.16724251598554968,-0.36693117319891833
18.16053795814514,0.61365610831842399,-0.1882543414203868,-0.37734962749249201
18.190521955490112,0.59218202741131098,-0.21747099952552101,-0.39406028714168062
18.2205548286438,0.57011146820489267,-0.24837369193357436,-0.41444020324323733
18.250629901885986,0.55412725052635059,-0.27122525852033919,-0.43122970727259369
18.280577898025513,0.53208556336018031,-0.29753992208616714,-0.45445063923860907
18.310571908950806,0.51476316606324934,-0.31351089644224039,-0.47253384238171126
18.340516805648804,0.49211707079733175,-0.33278416305278252,-0.49486518948101088
18.370539903640747,0.47219123920162609,-0.34572099668090672,-0.51083830900807237
18.400523900985718,0.46076032521657628,-0.3531055279084323,-0.52018095814563625
18.430542945861816,0.44926509904099082,-0.36300169955064593,-0.5308681036506836
18.460508823394775,0.44164923071966417,-0.36920089773222681,-0.53634155154428298
18.490525007247925,0.43253374444470261,-0.37260641360104646,-0.54475559699594922
18.5210599899292,0.42525542107931091,-0.37448233755747773,-0.55093979897698564
18.55062985420227,0.41713754557277138,-0.37681606394205253,-0.55879366396127561
18.580541849136353,0.41219837990250752,-0.37800571809863809,-0.56584606507011126
18.61053991317749,0.41025301337417203,-0.38030337760968297,-0.56940930415474156
18.640553951263428,0.40942717757514879,-0.3829587362839873,-0.57509744239551464
18.67058300971985,0.40982627883851291,-0.38578945438327833,-0.57879417747117445
18.700541973114014,0.40994558441704337,-0.38738366288627563,-0.58310074150239566
18.730883836746216,0.41119470282102577,-0.39028952057780814,-0.58471113608251213
18.76057195663452,0.41026326701681309,-0.39023914421407851,-0.58690456145486836
18.790534019470215,0.41225721690692513,-0.39065945126061147,-0.58406045653145122
18.82056498527527,0.41329005831323146,-0.38862969151744292,-0.58320133491471093
18.85054898262024,0.41523784582291356,-0.38653477555437105,-0.57665311684358078
18.88050889968872,0.41831209895452526,-0.37962164670564408,-0.56664156975646374
18.910521984100342,0.42138398302998969,-0.37472762637605328,-0.5540725031477074
18.9405038356781,0.42772616973045613,-0.36272247608908942,-0.53654142643623615
18.970560789108276,0.43689284111013527,-0.34686217903202821,-0.51599694065485702
19.00053381919861,0.44539978691785348,-0.33192174979782141,-0.50040274867615198
19.03057289123535,0.45992850741539526,-0.30823468157635259,-0.47872116160948552
19.06055998802185,0.47369036257356828,-0.2871685191199162,-0.46460350080974222
19.090510845184326,0.49522927104176773,-0.25721350637868334,-0.44762214564543246
19.120571851730347,0.5193260431464688,-0.22567452771749197,-0.43233162001892933
19.15057396888733,0.53913309902765405,-0.20064324175785836,-0.422645492109813
19.180553913116455,0.56846708588152184,-0.16553860107591836,-0.41231844211493612
19.210554838180542,0.5919526976274524,-0.13797393387050061,-0.40667981736183667
19.240530967712402,0.62542149758055265,-0.099774569895704532,-0.40116867231331499
19.270555019378662,0.66293550211947161,-0.061871935854921137,-0.39699742814059524
19.300543785095215,0.69320521207668939,-0.034622583628576689,-0.39510802404540335
19.33053994178772,0.73662873471315116,0.0017151488116110671,-0.39438731911002844
19.360520839691162,0.77134883877290339,0.027618504587218939,-0.39468163091848524
19.3905189037323,0.81968739928366763,0.059934857003742806,-0.39533052534926671
19.420532941818237,0.87045583247057035,0.090533168629268843,-0.39645560613635855
19.45058298110962,0.90998057103274677,0.11097416085145355,-0.3970526740789378
19.480631828308105,0.96260238015402466,0.1348281859324518,-0.39781384893596988
19.510549783706665,0.99997836935114204,0.15037069649126764,-0.39815986781467549
19.540507793426514,1.0461992332674979,0.1663653494948257,-0.39733304925235607
19.570533990859985,1.0901351294082462,0.17816759265364709,-0.39650862077753363
19.600543975830078,1.1221105497430255,0.18708004096155331,-0.39662180466248531
19.630828857421875,1.1639860589538336,0.20025982296553338,-0.39676939354021712
19.66053795814514,1.1933933974776099,0.2083028251877799,-0.39614007389067224
19.69052290916443,1.2254053301889309,0.21554765259514555,-0.39605058776461582
19.72055697441101,1.2504631713085326,0.22485026044095449,-0.3989593480850257
19.750582933425903,1.2683000300425551,0.23324035187967332,-0.40140645389353724
19.7805278301239,1.2889873374413321,0.24217134296041795,-0.40734348094254635
19.810520887374878,1.3000339251293462,0.24708301439384009,-0.41325077319445447
19.840510845184326,1.3104860599470913,0.25160633129483079,-0.42007541676079452
19.870595932006836,1.3181659519356679,0.25469272477186672,-0.42648932076709406
19.9005708694458,1.3218970450419132,0.2572815288040915,-0.4308354057660575
19.9305260181427,1.3254543443267348,0.25971242238021625,-0.43691722573337877
19.960526943206787,1.3276099899938094,0.2613574547638669,-0.44103446282075159
19.990577936172485,1.3303602199359204,0.26500771927393957,-0.44634946292253119
20.020574808120728,1.3330833911434117,0.26918964265831696,-0.45079786221917922
20.050585985183716,1.3348339289060998,0.27184694433020518,-0.45309268238077177
20.08056378364563,1.336902215122139,0.27554426619645933,-0.45565427676417769
20.110524892807007,1.3386941944344848,0.27864674411175938,-0.45730027744703838
20.140514850616455,1.3405013906332046,0.2823482636445277,-0.45936724154122838
20.170533895492554,1.3408342981190073,0.28557440789596245,-0.46136907300231317
20.200610876083374,1.3406143374657948,0.28707783213370319,-0.46273115202102638
20.230644941329956,1.3402799437622761,0.28837588318825641,-0.463599267692685
20.260581016540527,1.3403479428663161,0.28914540902994545,-0.46376110091536654
20.290538787841797,1.3405669459168035,0.28992052255573114,-0.4637383413931993
20.320514917373657,1.3402644697734067,0.29034247802980051,-0.46361950906071192
20.350583791732788,1.3394249232264366,0.28989805931105772,-0.46236865560557189
20.3805148601532,1.3357440680616222,0.28701162891525939,-0.45768170932907953
20.410506010055542,1.3305628974553687,0.28389846053221279,-0.4510315834384373
20.440523862838745,1.316301423397263,0.27733183600728362,-0.4385010743331621
20.47097682952881,1.2914758371487518,0.26764289219679521,-0.42210150436028238
20.50053381919861,1.2684923812333437,0.25970407780928645,-0.40795585392965478
20.530574798583984,1.2314219116176555,0.24791821650548582,-0.38876223116072528
20.560532808303833,1.196573087147089,0.2371437800829875,-0.37745590809619695
20.5905179977417,1.1435195404562246,0.21940356628532795,-0.3656633442022631
20.620548963546753,1.0898062205432708,0.19948403354578417,-0.35681419076601567
20.650600910186768,1.0489538730115455,0.18409750580627107,-0.3529564802231453
20.680601835250854,0.99360698301599504,0.16275896332641063,-0.3516892900186096
20.710551977157593,0.95278590797711804,0.14700809513358046,-0.35339457612914166
20.74056601524353,0.89925883734400158,0.12682659049365178,-0.35835851410677566
20.77057194709778,0.84676085399565648,0.10823039145482798,-0.36713401032970217
20.800611972808838,0.8084728687583328,0.096097556606494008,-0.37521401512822372
20.83058500289917,0.7592666824137263,0.080462419385932946,-0.3873581262113186
20.860516786575317,0.72468906021344881,0.068246752592680746,-0.39852389659676674
20.89052391052246,0.68207601901110104,0.053254859071445629,-0.41514010403684976
20.920519828796387,0.64192494280551693,0.043039529703141469,-0.43213189266778473
20.95053482055664,0.61470496753991022,0.036437222233414598,-0.44442776346860241
20.980546951293945,0.58381424002274929,0.026436909799213631,-0.4600385604801443
21.010579824447632,0.56418376047999508,0.019352371198268947,-0.47187501241614116
21.040538787841797,0.54101280101381533,0.01330914643284915,-0.48821709495459786
21.070535898208618,0.52078125823193011,0.0087402281394461205,-0.50136775082524765
21.100523948669434,0.50818912162684393,0.0048893817019585563,-0.50969672129331411
21.130568981170654,0.49495922088411132,0.00031760788223471077,-0.52055292014913845
21.16054892539978,0.48525003596623889,-0.0016558786500687093,-0.52901783097084165
21.190526008605957,0.47341619873926249,-0.0021828340677687462,-0.53945669034332799
21.22053289413452,0.46453829389374729,-0.0040894692828360611,-0.54910579090531109
21.250563859939575,0.46046485200520565,-0.0057597094051344026,-0.55544384669243085
21.2805438041687,0.45637525540813967,-0.0064791030914502388,-0.56254887022954558
21.31051993370056,0.45381854770329894,-0.0067135102427343966,-0.56657028671066079
21.34052300453186,0.45245831912760975,-0.0070957479011604539,-0.57014634695852551
21.37051486968994,0.45148684222953178,-0.0073435771760451849,-0.57287447261939828
21.400558948516846,0.4512458538550011,-0.0069213466668406913,-0.57461779837791838
21.430516004562378,0.4511756735719018,-0.0064278726493744746,-0.57619475162107403
21.460505962371826,0.45155107327594834,-0.0056794596141437085,-0.57614871101434839
21.490508794784546,0.45267980572338556,-0.0037615503805910498,-0.57500322622639011
21.52051091194153,0.45611781488895387,-0.00074266111957956276,-0.5699073635741565
21.550519943237305,0.46115064431097913,0.0019808757177965488,-0.56276499554118919
21.580514907836914,0.47069295241632841,0.0063876717689669406,-0.55020836217013425
21.610713005065918,0.48070199049817514,0.010554295099152355,-0.53809982926792088
21.640564918518066,0.49916587871151902,0.017640096358639484,-0.51850228655972197
21.670538902282715,0.52282369506695425,0.027590568680347798,-0.49733146398190209
21.700562953948975,0.54422464574938656,0.036245891759456958,-0.48095205574355016
21.730589866638184,0.57736966221577002,0.048022417803051651,-0.45983176007303039
21.760541915893555,0.60487043973090282,0.057631691479104394,-0.44511028487590953
21.790534019470215,0.64527607456837932,0.071912590230346421,-0.42777939015950295
21.820522785186768,0.68976784711783001,0.087001684361960166,-0.41401297982729401
21.85052490234375,0.72408795369321577,0.099107553582563915,-0.40501346438753061
21.88052487373352,0.77081840477896491,0.1166517220759269,-0.39515286938650784
21.910523891448975,0.80782337394990411,0.12980523258288948,-0.38923704326395159
21.94051194190979,0.85842518722854089,0.14578232139398656,-0.38325438302510317
21.970517873764038,0.90893766939504628,0.16098902749562471,-0.37885668848804654
22.00052499771118,0.9462486010329606,0.1717060461999744,-0.37644471726451284
22.030536890029907,0.99463995864709953,0.18363699229235561,-0.37428589393131761
22.060508966445923,1.0299369615039229,0.19066947426232164,-0.37276863073002869
22.09052586555481,1.0752316874536849,0.1994422368862814,-0.37122453016516571
22.120548963546753,1.1161296528169555,0.20817550752864236,-0.37134361489111056
22.150577783584595,1.1453088412392889,0.21453288292334902,-0.37134964157239675
22.18059492111206,1.1832747152609995,0.22327083616180762,-0.37003729021607068
22.210536003112793,1.2094557169135447,0.22980240476038735,-0.36981743205934103
22.240522861480713,1.2385905403922739,0.23780941358583227,-0.37111762677721255
22.270545959472656,1.2626410667155039,0.2439844277330738,-0.37309007165492969
22.300559997558594,1.2781456717757234,0.24846664352179318,-0.37558468478020218
22.33052396774292,1.2945280496641811,0.25472660186416268,-0.38072788927248019
22.36052393913269,1.3029599094028352,0.25846283713888812,-0.38561579004870433
22.390519857406616,1.3109264120092616,0.26237902197958873,-0.39274111019029045
22.42052388191223,1.3163867674466185,0.2669082046033347,-0.39992816574017059
22.450578927993774,1.3190170631517519,0.26929386103014546,-0.40421119057332022
22.480612993240356,1.3208995719262278,0.27187037828829563,-0.40914631932832818
22.510716915130615,1.3215407703144701,0.27383030972040656,-0.41242069024954814
22.540560960769653,1.322154346553513,0.27685843552279443,-0.41588900591088118
22.570538997650146,1.3222186006440846,0.279166385175461,-0.41868530345459054
22.600536823272705,1.3217260792616441,0.2805468535593198,-0.41919146863098072
22.630548000335693,1.3207364363428298,0.28161217419906176,-0.41892714830014327
22.660523891448975,1.3194040126325102,0.28286779563179648,-0.41960709731684598
22.69053292274475,1.3173299396825104,0.28442261175968914,-0.42052924826376048
22.720517873764038,1.3154156329635294,0.28584145888245366,-0.42141432460335237
22.750540018081665,1.3146961385096345,0.28697592399837429,-0.42156259470908131
22.7805278301239,1.3141488955294793,0.28849111531118354,-0.42156024898502165
22.810521841049194,1.3136977818308468,0.28947733334526271,-0.42142932977119646
22.84052801132202,1.3131319118597853,0.2904646987902626,-0.42128268795389551
22.870519876480103,1.3128860686785322,0.29124499994330216,-0.42115883486381112
22.900521993637085,1.3129349122478478,0.29174345609810126,-0.42084730109349505
22.93053698539734,1.313065217775734,0.29254779568310701,-0.42051830202645485
22.960527896881104,1.3127426464311744,0.2929556123197436,-0.4206026149496962
22.99051785469055,1.312044889238684,0.2933990411444532,-0.42098460571331858
23.020521879196167,1.3119685274590993,0.29478958493030394,-0.42129444779018221
23.050562858581543,1.310023623021813,0.29532345256146575,-0.42218217529384888
23.080543994903564,1.3063205422704027,0.29597199480702041,-0.42396396215577964
23.11052894592285,1.3054694216837899,0.29790241995200639,-0.42494413386656477
23.140541791915894,1.3035150939262872,0.29926998241171998,-0.42497076234647957
23.170521020889282,1.2996561384631984,0.29946695495101755,-0.42532509955096026
23.2005398273468,1.2980916805198353,0.2997207450993869,-0.425054486023629
23.230531930923462,1.2983727706645927,0.30027634595112263,-0.42461073628958818
23.26052188873291,1.2987787618790896,0.29964700358988633,-0.42448648794664046
23.290534019470215,1.2993220992132821,0.29737526220349775,-0.42523843797187832
23.320522785186768,1.3008286013871853,0.29428622769308083,-0.42819602065217643
23.350544929504395,1.3017850398157083,0.29236599753356929,-0.43136629599481346
23.380517959594727,1.3037293409215462,0.28936183840885782,-0.43218262697197107
23.41054081916809,1.3063952294875665,0.2858011054693877,-0.43045128741124339
23.440526008605957,1.3101106134079108,0.27852192093424916,-0.42322467998463592
23.472425937652588,1.314889721495609,0.26458983957377435,-0.40974311397267477
23.50053381919861,1.3195682430768982,0.25041609119167513,-0.3957895595859145
23.530555963516235,1.3268274456237039,0.22719722196904155,-0.37371732357670379
23.5605628490448,1.3323849511279375,0.20548786904800123,-0.35557899463137571
23.590613842010498,1.3400166642892848,0.17246487781187989,-0.33028046822731372
23.620598793029785,1.3498958856118886,0.13707866931428206,-0.3045222314443477
23.65060782432556,1.3580658875165184,0.10922253814180082,-0.28538232731320279
23.680591821670532,1.3694356256742877,0.070625698862542594,-0.26052021768175992
23.711196899414062,1.3799348941626437,0.04110267697353219,-0.2420648030316801
23.740548849105835,1.3973311571324993,0.0022655078400160957,-0.21788113640711593
23.770516872406006,1.4169319416438952,-0.035917953814230866,-0.19488339266028892
23.80053687095642,1.433243808406091,-0.063340396289669046,-0.17920493890901978
23.830537796020508,1.4579381601041583,-0.097918181032911958,-0.15985960911849317
23.860532999038696,1.4784264664519706,-0.122234895499319,-0.14835200484939093
23.890516996383667,1.5104294420090874,-0.15212136823069308,-0.13564765711353166
23.920504808425903,1.5453507161952822,-0.18084592904017252,-0.12783103572944821
23.951250791549683,1.5718209873300375,-0.2023106561976212,-0.12530467964945224
23.980551958084106,1.6054830303703813,-0.22615948971228958,-0.12832424959237199
24.010545015335083,1.6302391787178283,-0.2396016921959738,-0.13573177844785578
24.04054284095764,1.662483951339361,-0.25691529397112928,-0.14777178611959801
24.070544958114624,1.6881563030815174,-0.27233689816217427,-0.1609352895781076
24.10055685043335,1.7012202217498886,-0.27809970581839832,-0.17212538416494283
24.130600929260254,1.7135970814674184,-0.28160226389131171,-0.18623256956481304
24.16055679321289,1.7215586286694926,-0.28415303806960635,-0.19492502899384895
24.190614938735962,1.7317154131822041,-0.28604155109488949,-0.20723552799413419
24.220640897750854,1.7397542592161581,-0.28573796766950932,-0.21961155455135339
24.250577926635742,1.7441623620939326,-0.28376514265353781,-0.22826544675642779
24.280542850494385,1.7479833290024398,-0.27949448194087273,-0.23805452046654912
24.31060290336609,1.7498893446673518,-0.27607005461771006,-0.24465991377928903
24.340531826019287,1.7518892578214249,-0.27168283426242951,-0.25176844296840734
24.370564937591553,1.7525372855652221,-0.26837727911000103,-0.25610286242511149
24.400527000427246,1.7539110244229368,-0.26556450437934875,-0.26120372635001171
24.43116283416748,1.7544793999730905,-0.26332766163176119,-0.26525335335030931
24.46054482460022,1.7549187896918093,-0.26281166452020055,-0.26643048865927627
24.490525007247925,1.7539720494675313,-0.26169598442062214,-0.26558772893399879
24.5206618309021,1.7511282847628682,-0.26076804092402706,-0.26171334685176439
24.551174879074097,1.7460769993876371,-0.25923413309131732,-0.25540507164122683
24.580562829971313,1.7324393918489593,-0.25429942172039671,-0.23786776988961439
24.61054801940918,1.7167697476002819,-0.24769924895739495,-0.22151512934049633
24.64051580429077,1.6881034273503628,-0.23420627073546554,-0.19843776201786167
24.6705379486084,1.6506275577323957,-0.21638998216806957,-0.17634861562173587
24.70057201385498,1.6182435142145359,-0.20091394668635978,-0.1626452033877433
24.73062491416931,1.5709705756314178,-0.179253881122625,-0.15021722669083076
24.760579824447632,1.5340792143477431,-0.16448234034990897,-0.14526767875000851
24.790536880493164,1.4857470086118301,-0.14477158954867517,-0.14555960575009003
24.820560932159424,1.4395690893204487,-0.12308662988323933,-0.15099134646552942
24.8505117893219,1.406306555037254,-0.10804167727198739,-0.15752160564317197
24.88052201271057,1.3638833063111599,-0.086477935109556051,-0.16944022227323707
24.910518884658813,1.3323090452162947,-0.070229588412904068,-0.17840725726907858
24.940531015396118,1.2930712474605097,-0.04942239443636233,-0.19123687658597482
24.9705228805542,1.2532056816985313,-0.027574836191783431,-0.20546086436594407
25.00051498413086,1.2200075497713883,-0.010284311226041138,-0.21610029531084224
25.03058886528015,1.1767973691520452,0.0085729525718620629,-0.22895204224703258
25.060588836669922,1.1443728412739429,0.021416015343999766,-0.24002114912005318
25.090534925460815,1.0956171063274249,0.033887671362794289,-0.2516095396224281
25.120512008666992,1.0503196665345065,0.038086486718634668,-0.25868853988250357
25.15054678916931,1.0209975796134156,0.03849936804131919,-0.26349967080954773
25.180559873580933,0.98506035961634264,0.03687539476629563,-0.26701160431491722
25.210572957992554,0.96203806108926215,0.034336995519864452,-0.26709445802600262
25.240537881851196,0.93822946699387566,0.030693204375651189,-0.26748356051821137
25.270542860031128,0.91677114477800259,0.02498205728120893,-0.26929345702884466
25.30053186416626,0.90135147749077416,0.019292479110036603,-0.27003721603064657
25.330529928207397,0.88374813994236423,0.0097065353670112535,-0.27120269663285151
25.36052393913269,0.87064053553960352,0.00026509322999383484,-0.27370407595835111
25.39053201675415,0.85115152281817574,-0.014544365311914571,-0.27809159832123936
25.42056179046631,0.83062976035014313,-0.029846119279688405,-0.28239420829614514
25.450532913208008,0.81425681418196627,-0.043215448136016868,-0.28689322050674121
25.480552911758423,0.79196236613042259,-0.064170239080216726,-0.29563564183009206
25.510605812072754,0.77379188087175488,-0.081349923057418741,-0.3037066986988306
25.54055094718933,0.74775307529655943,-0.10350670052521056,-0.31490686685091829
25.570522785186768,0.72123802023586803,-0.12843492178864832,-0.32782068364143174
25.600536823272705,0.70167687194824901,-0.14860991234702806,-0.33941255738969611
25.630570888519287,0.67614482379886376,-0.1745546074449684,-0.3549492719297207
25.66055679321289,0.65644416303383313,-0.19476542722607668,-0.36909224461630208
25.690526962280273,0.63185237154025531,-0.22030223103572294,-0.38807650354106671
25.720525979995728,0.60944439376969783,-0.24354331310427493,-0.40557104030943636
25.750535011291504,0.59326141575718883,-0.26068166474598686,-0.41894547774541757
25.780772924423218,0.57317289229828383,-0.28272520099235993,-0.43763409135696957
25.8105628490448,0.55980459861416598,-0.29727126392010389,-0.45166259961185506
25.84053087234497,0.54317795330289143,-0.31517924376107981,-0.46883400748933735
25.87051486968994,0.52831003289441292,-0.33179770385034307,-0.48665610604705556
25.900529861450195,0.51752505176960595,-0.34343397942106618,-0.49883395712409739
25.93056583404541,0.50319436859928313,-0.35634522339016977,-0.51210851712924843
25.96052098274231,0.49359965224793489,-0.36577672515980247,-0.52133473036200262
25.99052596092224,0.48389880396897306,-0.37892978769434621,-0.53360280047802644
26.020555019378662,0.47596101756259279,-0.39212550392920403,-0.54111332359258157
26.050545930862427,0.47052957442637811,-0.39951235015116565,-0.54709979245816942
26.085786819458008,0.46384944952796359,-0.41000684212869559,-0.5546063984020525
26.11056685447693,0.45914736683337681,-0.41720752844131953,-0.56107120479172901
26.140514850616455,0.45307856981086303,-0.42524309467690152,-0.56744971530421406
26.170532941818237,0.44762570269547569,-0.43019742268203665,-0.57386499000190816
26.200528860092163,0.44322954129082476,-0.43268747078741465,-0.57784690621178925
26.230561017990112,0.4391318754626462,-0.43556508757518803,-0.581648289974808
