time_s,human_x,human_y,human_z,robot_x,robot_y,robot_z,R_SFE,R_SAA,R_HR,R_EB,R_WR,R_WFE,R_WAA
0.02851581573486328,1.3597075873401652,0.24921605722843318,-0.50164339954543702,0.079673005587851689,-0.94071105894268214,-0.39956494847259055,-0.04286249727010727,0.4064779579639435,0.12774138152599335,0.024947160854935646,0.5114828944206238,0.010781709104776382,0.006301371846348047
0.05973196029663086,1.3597670053243045,0.24890496485009619,-0.50215490230402526,0.079673005587851689,-0.94071105894268214,-0.39956494847259055,-0.04286249727010727,0.4064779579639435,0.12774138152599335,0.024947160854935646,0.5114828944206238,0.010781709104776382,0.006301371846348047
0.08855891227722168,1.3597743524413755,0.24888790795293989,-0.50207883312543067,0.079673005587851689,-0.94071105894268214,-0.39956494847259055,-0.04286249727010727,0.4064779579639435,0.12774138152599335,0.024947160854935646,0.5114828944206238,0.010781709104776382,0.006301371846348047
0.11852478981018066,1.3598310083994467,0.24908931447152557,-0.50222136760932479,0.079673005587851689,-0.94071105894268214,-0.39956494847259055,-0.04286249727010727,0.4064779579639435,0.12774138152599335,0.024947160854935646,0.5114828944206238,0.010781709104776382,0.006301371846348047
0.14850687980651855,1.3597638913472805,0.24905651687920785,-0.50185771826493109,0.079673005587851689,-0.94071105894268214,-0.39956494847259055,-0.04286249727010727,0.4064779579639435,0.12774138152599335,0.024947160854935646,0.5114828944206238,0.010781709104776382,0.006301371846348047
0.1785259246826172,1.3597779351339896,0.2490312314451322,-0.50184195425492906,0.079673005587851689,-0.94071105894268214,-0.39956494847259055,-0.04286249727010727,0.4064779579639435,0.12774138152599335,0.024947160854935646,0.5114828944206238,0.010781709104776382,0.006301371846348047
0.20851397514343262,1.3597284633293369,0.24903357485142483,-0.50196231207287578,0.079673005587851689,-0.94071105894268214,-0.39956494847259055,-0.04286249727010727,0.4064779579639435,0.12774138152599335,0.024947160854935646,0.5114828944206238,0.010781709104776382,0.006301371846348047
0.23852801322937012,1.3598182837899697,0.24932067704374075,-0.50178896423020491,0.079673005587851689,-0.94071105894268214,-0.39956494847259055,-0.04286249727010727,0.4064779579639435,0.12774138152599335,0.024947160854935646,0.5114828944206238,0.010781709104776382,0.006301371846348047
0.26853084564208984,1.3597855663751834,0.24909555241865391,-0.50185786507676466,0.079673005587851689,-0.94071105894268214,-0.39956494847259055,-0.04286249727010727,0.4064779579639435,0.12774138152599335,0.024947160854935646,0.5114828944206238,0.010781709104776382,0.006301371846348047
0.2996799945831299,1.3598304984249592,0.24934991788104841,-0.50191369303320743,0.079673005587851689,-0.94071105894268214,-0.39956494847259055,-0.04286249727010727,0.4064779579639435,0.12774138152599335,0.024947160854935646,0.5114828944206238,0.010781709104776382,0.006301371846348047
0.32852888107299805,1.3598003130201723,0.24916601046661566,-0.50177502673507002,0.079673005587851689,-0.94071105894268214,-0.39956494847259055,-0.04286249727010727,0.4064779579639435,0.12774138152599335,0.024947160854935646,0.5114828944206238,0.010781709104776382,0.006301371846348047
0.3585050106048584,1.3598137543680147,0.24925907872314293,-0.50189457268135196,0.079673005587851689,-0.94071105894268214,-0.39956494847259055,-0.04286249727010727,0.4064779579639435,0.12774138152599335,0.024947160854935646,0.5114828944206238,0.010781709104776382,0.006301371846348047
0.3885519504547119,1.3597527359246668,0.24905190121452422,-0.50188819050635192,0.079673005587851689,-0.94071105894268214,-0.39956494847259055,-0.04286249727010727,0.4064779579639435,0.12774138152599335,0.024947160854935646,0.5114828944206238,0.010781709104776382,0.006301371846348047
0.41864585876464844,1.3597971849050512,0.24924299996994878,-0.50172265437416308,0.079673005587851689,-0.94071105894268214,-0.39956494847259055,-0.04286249727010727,0.4064779579639435,0.12774138152599335,0.024947160854935646,0.5114828944206238,0.010781709104776382,0.006301371846348047
0.44857096672058105,1.3597999314473361,0.24926277206483902,-0.50181601372630458,0.079673005587851689,-0.94071105894268214,-0.39956494847259055,-0.04286249727010727,0.4064779579639435,0.12774138152599335,0.024947160854935646,0.5114828944206238,0.010781709104776382,0.006301371846348047
0.4785130023956299,1.3597915207684474,0.24929838460633483,-0.5020341343510506,0.079673005587851689,-0.94071105894268214,-0.39956494847259055,-0.04286249727010727,0.4064779579639435,0.12774138152599335,0.024947160854935646,0.5114828944206238,0.010781709104776382,0.006301371846348047
0.5085389614105225,1.3598307742026532,0.249050331755899,-0.50225386679345052,0.079673005587851689,-0.94071105894268214,-0.39956494847259055,-0.04286249727010727,0.4064779579639435,0.12774138152599335,0.024947160854935646,0.5114828944206238,0.010781709104776382,0.006301371846348047
0.5387659072875977,1.3597914094146215,0.24903791711208387,-0.50207380000635993,0.079673005587851689,-0.94071105894268214,-0.39956494847259055,-0.04286249727010727,0.4064779579639435,0.12774138152599335,0.024947160854935646,0.5114828944206238,0.010781709104776382,0.006301371846348047
0.5685498714447021,1.3597570709911848,0.24892409089776854,-0.5020993937325664,0.07967443971102528,-0.94071065909582752,-0.39956466545931141,-0.04286249727010727,0.4064779579639435,0.12774138152599335,0.024947160854935646,0.5114828944206238,0.010781709104776382,0.006301371846348047
0.5985398292541504,1.3598169497621837,0.24903662478534286,-0.50257280660992365,0.079678305981345843,-0.94070870794511829,-0.39956481716105957,-0.04286249727010727,0.4064779579639435,0.12774138152599335,0.024947160854935646,0.5114828944206238,0.010781709104776382,0.006301371846348047
0.6285109519958496,1.3598011106719121,0.24910618159507739,-0.502216452587539,0.079687674170131298,-0.94070596203201506,-0.39956282768532481,-0.04286249727010727,0.4064779579639435,0.12774138152599335,0.024947160854935646,0.5114828944206238,0.010781709104776382,0.006301371846348047
0.658552885055542,1.3597706579376305,0.24902474659570631,-0.50209927477444838,0.079720726335028927,-0.94070609970602592,-0.39955136585818002,-0.04286249727010727,0.4064779579639435,0.12774138152599335,0.024947160854935646,0.5114828944206238,0.010781709104776382,0.006301371846348047
0.6885459423065186,1.3597835232517914,0.24926958817353115,-0.5017571459772312,0.079827862177311387,-0.94072151427003259,-0.39950630363901268,-0.04286249727010727,0.4064779579639435,0.12774138152599335,0.024947160854935646,0.5114828944206238,0.010781709104776382,0.006301371846348047
0.7185258865356445,1.3598566891177404,0.2494330437753394,-0.50176136228888857,0.080070434868116963,-0.94079045257314164,-0.39939111234477231,-0.04286249727010727,0.4064779579639435,0.12774138152599335,0.024947160854935646,0.5114828944206238,0.010781709104776382,0.006301371846348047
0.7485499382019043,1.3596900512983938,0.24912710627791138,-0.50193083700566898,0.080483625613245902,-0.94095663811817831,-0.39917693400182297,-0.04286249727010727,0.4064779579639435,0.12774138152599335,0.024947160854935646,0.5114828944206238,0.010781709104776382,0.006301371846348047
0.7785129547119141,1.3597214439956973,0.2491536638603247,-0.50198525294709229,0.081080019995504668,-0.94124577729809811,-0.39884278336567697,-0.04286249727010727,0.4064779579639435,0.12774138152599335,0.024947160854935646,0.5114828944206238,0.010781709104776382,0.006301371846348047
0.8085329532623291,1.3596629530512294,0.2495477585318823,-0.50172771165331209,0.081777343346994533,-0.94165201491183914,-0.39840039148556067,-0.04286249727010727,0.4064779579639435,0.12774138152599335,0.024947160854935646,0.5114828944206238,0.010781709104776382,0.006301371846348047
0.8385229110717773,1.3597321149720241,0.24928999443392683,-0.5018707107414998,0.08246939076584682,-0.94210858952087062,-0.39792885935068106,-0.04286249727010727,0.4064779579639435,0.12774138152599335,0.024947160854935646,0.5114828944206238,0.010781709104776382,0.006301371846348047
0.8685219287872314,1.3597204230544109,0.24924213498692413,-0.50200827351912891,0.083222134070551554,-0.94268241984013379,-0.39736015336661473,-0.04286249727010727,0.4064779579639435,0.12774138152599335,0.024947160854935646,0.5114828944206238,0.010781709104776382,0.006301371846348047
0.8997139930725098,1.3597406842539765,0.24929631321841902,-0.50188372213143506,0.0839603121008832,-0.94330175790420367,-0.39678142643544345,-0.04286249727010727,0.4064779579639435,0.12774138152599335,0.024947160854935646,0.5114828944206238,0.010781709104776382,0.006301371846348047
0.9285378456115723,1.3596323884248422,0.24929400498116419,-0.50121825397298925,0.084750326829153413,-0.94393057857709572,-0.39620618576666966,-0.04286249727010727,0.4064779579639435,0.12774138152599335,0.024947160854935646,0.5114828944206238,0.010781709104776382,0.006301371846348047
0.958521842956543,1.3598177485214293,0.24948902957566502,-0.50171652611994944,0.085648420834721128,-0.94451041563807248,-0.39560109916280117,-0.04286249727010727,0.4064779579639435,0.12774138152599335,0.024947160854935646,0.5114828944206238,0.010781709104776382,0.006301371846348047
0.988541841506958,1.3597301532032111,0.24923753713503591,-0.50173708878743473,0.08673627784164735,-0.94500586363630301,-0.39492104870254269,-0.04286249727010727,0.4064779579639435,0.12774138152599335,0.024947160854935646,0.5114828944206238,0.010781709104776382,0.006301371846348047
1.0185418128967285,1.3596344347469673,0.24919543700769028,-0.50198419792084148,0.087974471284030298,-0.94538569593352983,-0.3942503376857463,-0.04286249727010727,0.4064779579639435,0.12774138152599335,0.024947160854935646,0.5114828944206238,0.010781709104776382,0.006301371846348047
1.0485429763793945,1.3597702746586799,0.24944100271735678,-0.50169138132542268,0.089063334569708622,-0.9456537283699773,-0.39370192279855881,-0.04286249727010727,0.4064779579639435,0.12774138152599335,0.024947160854935646,0.5114828944206238,0.010781709104776382,0.006301371846348047
1.07850980758667,1.3596565482893863,0.24917554503971892,-0.50190030718064782,0.090188193087975266,-0.94590940840761328,-0.39318120358578923,-0.04286249727010727,0.4064779579639435,0.12774138152599335,0.024947160854935646,0.5114828944206238,0.010781709104776382,0.006301371846348047
1.1085238456726074,1.3596076268932209,0.249172946460298,-0.50191822233936378,0.091227900950398427,-0.94608867841720401,-0.39276187261030177,-0.04286249727010727,0.4064779579639435,0.12774138152599335,0.024947160854935646,0.5114828944206238,0.010781709104776382,0.006301371846348047
1.1385328769683838,1.3596925998142364,0.24937581609223589,-0.50190257542635353,0.092200700865330429,-0.94625059625444397,-0.3923815204326957,-0.04286249727010727,0.4064779579639435,0.12774138152599335,0.024947160854935646,0.5114828944206238,0.010781709104776382,0.006301371846348047
1.1685400009155273,1.3595733410885189,0.24935462705855119,-0.5018708492094095,0.092998836059033307,-0.94635012573507327,-0.39211299620044204,-0.04286249727010727,0.4064779579639435,0.12774138152599335,0.024947160854935646,0.5114828944206238,0.010781709104776382,0.006301371846348047
1.1985228061676025,1.3595476049531288,0.24948740112851189,-0.50176116299905038,0.093604613509502915,-0.94636378863204351,-0.39192126914396269,-0.04286249727010727,0.4064779579639435,0.12774138152599335,0.024947160854935646,0.5114828944206238,0.010781709104776382,0.006301371846348047
1.228524923324585,1.3594995775015706,0.2493543052577443,-0.50196182122246091,0.094166441470332693,-0.946313484129371,-0.39177462443837979,-0.04286249727010727,0.4064779579639435,0.12774138152599335,0.024947160854935646,0.5114828944206238,0.010781709104776382,0.006301371846348047
1.2585208415985107,1.3595603890331041,0.24954204983818742,-0.50181063578040574,0.0945230549587813,-0.94618118536942253,-0.39169398574496245,-0.04286249727010727,0.4064779579639435,0.12774138152599335,0.024947160854935646,0.5114828944206238,0.010781709104776382,0.006301371846348047
1.288529872894287,1.3594506288891073,0.24930102493107534,-0.50191529758884201,0.094760974715858634,-0.94600944953656763,-0.39166221370407656,-0.04286249727010727,0.4064779579639435,0.12774138152599335,0.024947160854935646,0.5114828944206238,0.010781709104776382,0.006301371846348047
1.3185429573059082,1.359465365904432,0.24952404777636686,-0.50183053143975198,0.094827382739797711,-0.94594988270249203,-0.39168399427720518,-0.04286249727010727,0.4064779579639435,0.12774138152599335,0.024947160854935646,0.5114828944206238,0.010781709104776382,0.006301371846348047
1.348545789718628,1.359441117567203,0.24946116945092087,-0.50193093118803245,0.094758953911342633,-0.94592946515417675,-0.39171174752095578,-0.04286249727010727,0.4064779579639435,0.12774138152599335,0.024947160854935646,0.5114828944206238,0.010781709104776382,0.006301371846348047
1.3785078525543213,1.3594649690562883,0.24954738472455809,-0.50188559165411073,0.094634566911223586,-0.94589049421281624,-0.39176176924586936,-0.04286249727010727,0.4064779579639435,0.12774138152599335,0.024947160854935646,0.5114828944206238,0.010781709104776382,0.006301371846348047
1.4085497856140137,1.3594440417643452,0.24971726523471724,-0.50160780201427979,0.094461904094995844,-0.945818694570564,-0.39184833780890777,-0.04286249727010727,0.4064779579639435,0.12774138152599335,0.024947160854935646,0.5114828944206238,0.010781709104776382,0.006301371846348047
1.4385499954223633,1.3594424188657008,0.24974486676611865,-0.50181271226549473,0.094244957620922803,-0.94571191565628054,-0.39197256124025842,-0.04286249727010727,0.4064779579639435,0.12774138152599335,0.024947160854935646,0.5114828944206238,0.010781709104776382,0.006301371846348047
1.4685180187225342,1.3593930249048611,0.24959706917584271,-0.50182713645311494,0.094018100033786189,-0.94556998331337216,-0.39212362790982225,-0.04286249727010727,0.4064779579639435,0.12774138152599335,0.024947160854935646,0.5114828944206238,0.010781709104776382,0.006301371846348047
1.4985368251800537,1.3593538174273831,0.24974249446624139,-0.50178539472686601,0.093772839002904895,-0.94542110485149844,-0.39227926129255164,-0.04286249727010727,0.4064779579639435,0.12774138152599335,0.024947160854935646,0.5114828944206238,0.010781709104776382,0.006301371846348047
1.5285139083862305,1.3592989609798143,0.24954712865876624,-0.5018609605567419,0.093495895669309506,-0.94523871268770898,-0.39245903050359549,-0.04286249727010727,0.4064779579639435,0.12774138152599335,0.024947160854935646,0.5114828944206238,0.010781709104776382,0.006301371846348047
1.558548927307129,1.3592553719780978,0.24962426795516671,-0.50191084444050582,0.093296086363753153,-0.94503003574098021,-0.39262878053070993,-0.04286249727010727,0.4064779579639435,0.12774138152599335,0.024947160854935646,0.5114828944206238,0.010781709104776382,0.006301371846348047
1.5885438919067383,1.3592175837301188,0.24978887177461087,-0.5019376634895083,0.093078137017657686,-0.9447561766482695,-0.39282528944216616,-0.04286249727010727,0.4064779579639435,0.12774138152599335,0.024947160854935646,0.5114828944206238,0.010781709104776382,0.006301371846348047
1.6185638904571533,1.3592063551809679,0.2497147858033564,-0.50185106174263971,0.092914658729812818,-0.94444864989723076,-0.39302056748229741,-0.04286249727010727,0.4064779579639435,0.12774138152599335,0.024947160854935646,0.5114828944206238,0.010781709104776382,0.006301371846348047
1.6485378742218018,1.3591408946604133,0.2495210244439405,-0.50192137149147853,0.092844175216765537,-0.9440610413840903,-0.39323325892976679,-0.04286249727010727,0.4064779579639435,0.12774138152599335,0.024947160854935646,0.5114828944206238,0.010781709104776382,0.006301371846348047
1.6785078048706055,1.359065739513089,0.24963208463708117,-0.50173146825946335,0.092714887069128671,-0.94366937845148813,-0.39345563537051331,-0.04286249727010727,0.4064779579639435,0.12774138152599335,0.024947160854935646,0.5114828944206238,0.010781709104776382,0.006301371846348047
1.7084729671478271,1.3591727036153003,0.24935384936898505,-0.50233795916613477,0.092590051536849072,-0.94332597235332516,-0.39367317979946975,-0.04286249727010727,0.4064779579639435,0.12774138152599335,0.024947160854935646,0.5114828944206238,0.010781709104776382,0.006301371846348047
1.7385969161987305,1.3591136785790379,0.24947489553008742,-0.50216194499399291,0.092463931328584062,-0.94292989374129443,-0.39391384899003262,-0.04286249727010727,0.4064779579639435,0.12774138152599335,0.024947160854935646,0.5114828944206238,0.010781709104776382,0.006301371846348047
1.7685918807983398,1.3591546742910463,0.24952697081915828,-0.50232447556934123,0.092365182741896493,-0.94249745680425012,-0.39414663670844186,-0.04286249727010727,0.4064779579639435,0.12774138152599335,0.024947160854935646,0.5114828944206238,0.010781709104776382,0.006301371846348047
1.7985270023345947,1.3590357992688302,0.24948029790334267,-0.50241811012139781,0.092284662994261371,-0.94211064959380419,-0.39436238891195119,-0.04286249727010727,0.4064779579639435,0.12774138152599335,0.024947160854935646,0.5114828944206238,0.010781709104776382,0.006301371846348047
1.8285269737243652,1.3591456131788211,0.24947933246018053,-0.50224880325623533,0.092153907730664467,-0.94174481362908402,-0.39459458214059562,-0.04286249727010727,0.4064779579639435,0.12774138152599335,0.024947160854935646,0.5114828944206238,0.010781709104776382,0.006301371846348047
1.8585329055786133,1.3592097740076834,0.24954143659145631,-0.5021997115794099,0.092036495091613352,-0.9413852216857107,-0.3948049002900631,-0.04286249727010727,0.4064779579639435,0.12774138152599335,0.024947160854935646,0.5114828944206238,0.010781709104776382,0.006301371846348047
1.8885178565979004,1.3592876380246894,0.24938412186615208,-0.50249256242474316,0.091884581048553418,-0.94103379768028272,-0.39503180498335194,-0.04286249727010727,0.4064779579639435,0.12774138152599335,0.024947160854935646,0.5114828944206238,0.010781709104776382,0.006301371846348047
1.9185328483581543,1.3593545967106166,0.24917311480445845,-0.50237491699292192,0.091619559186289223,-0.94075008606964328,-0.39527345878706449,-0.04286249727010727,0.4064779579639435,0.12774138152599335,0.024947160854935646,0.5114828944206238,0.010781709104776382,0.006301371846348047
1.9485349655151367,1.3595282468724352,0.24936652203454565,-0.5023778793817828,0.091327559340093373,-0.94051639010114485,-0.39549421318383693,-0.04286249727010727,0.4064779579639435,0.12774138152599335,0.024947160854935646,0.5114828944206238,0.010781709104776382,0.006301371846348047
1.9785277843475342,1.3595279286725899,0.24944420173781487,-0.50187770705331425,0.091025114691531572,-0.94029657599562078,-0.39572281428937345,-0.04286249727010727,0.4064779579639435,0.12774138152599335,0.024947160854935646,0.5114828944206238,0.010781709104776382,0.006301371846348047
2.008533000946045,1.3596072679611995,0.2494457684548467,-0.50142596803369677,0.090616336746678419,-0.94015104264489324,-0.39596084935397341,-0.04286249727010727,0.4064779579639435,0.12774138152599335,0.024947160854935646,0.5114828944206238,0.010781709104776382,0.006301371846348047
2.0385220050811768,1.3598223670134788,0.24937414174634884,-0.5020313653689934,0.090053438702314734,-0.94002679607115414,-0.39623079997093225,-0.04286249727010727,0.4064779579639435,0.12774138152599335,0.024947160854935646,0.5114828944206238,0.010781709104776382,0.006301371846348047
2.0685667991638184,1.3599341985353366,0.24991560357963458,-0.50170836876374902,0.089612984372796592,-0.93991347805803571,-0.39645670920977494,-0.04286249727010727,0.4064779579639435,0.12774138152599335,0.024947160854935646,0.5114828944206238,0.010781709104776382,0.006301371846348047
2.098529815673828,1.3596809819911488,0.24940980173044983,-0.50235037840282382,0.08910863671287983,-0.93977842991455751,-0.39669608162146197,-0.04286249727010727,0.4064779579639435,0.12774138152599335,0.024947160854935646,0.5114828944206238,0.010781709104776382,0.006301371846348047
2.1285338401794434,1.3597377184665462,0.2496332231558753,-0.50234620272063435,0.088606479630816692,-0.93963451097455042,-0.39690958702897222,-0.04286249727010727,0.4064779579639435,0.12774138152599335,0.024947160854935646,0.5114828944206238,0.010781709104776382,0.006301371846348047
2.158676862716675,1.359654426271752,0.24968883286729335,-0.50238199582751653,0.088050423171767145,-0.93950028810015285,-0.39713827800101709,-0.04286249727010727,0.4064779579639435,0.12774138152599335,0.024947160854935646,0.5114828944206238,0.010781709104776382,0.006301371846348047
2.1885299682617188,1.3597413004132362,0.24969882220742304,-0.50224396724021769,0.087519065592280704,-0.93936027096033947,-0.39736151710742162,-0.04286249727010727,0.4064779579639435,0.12774138152599335,0.024947160854935646,0.5114828944206238,0.010781709104776382,0.006301371846348047
2.218552827835083,1.3597252587950595,0.24973124716693354,-0.50228361559658485,0.087023526125556791,-0.93926035308212374,-0.39756461593640618,-0.04286249727010727,0.4064779579639435,0.12774138152599335,0.024947160854935646,0.5114828944206238,0.010781709104776382,0.006301371846348047
2.2485218048095703,1.3598984863050583,0.24963910734477848,-0.50230677684091973,0.086385769772681822,-0.93918703926452352,-0.39782654938936818,-0.04286249727010727,0.4064779579639435,0.12774138152599335,0.024947160854935646,0.5114828944206238,0.010781709104776382,0.006301371846348047
2.2785298824310303,1.3598299313974569,0.24967622534059161,-0.50235933678064204,0.085680205614341767,-0.93915622260374532,-0.39809506940632744,-0.04286249727010727,0.4064779579639435,0.12774138152599335,0.024947160854935646,0.5114828944206238,0.010781709104776382,0.006301371846348047
2.308529853820801,1.3598280848113709,0.24971817269526733,-0.5019313579937551,0.085117544346204652,-0.93909499649600647,-0.39831623556599571,-0.04286249727010727,0.4064779579639435,0.12774138152599335,0.024947160854935646,0.5114828944206238,0.010781709104776382,0.006301371846348047
2.338517904281616,1.3598769466407283,0.2496690694767518,-0.50171189691980489,0.084575067730631351,-0.93900944863291524,-0.39853273171852149,-0.04286249727010727,0.4064779579639435,0.12774138152599335,0.024947160854935646,0.5114828944206238,0.010781709104776382,0.006301371846348047
2.3685169219970703,1.3598949382466441,0.2496263415960385,-0.50142235171794025,0.084007546548240788,-0.93895756355468252,-0.39874935192101868,-0.04286249727010727,0.4064779579639435,0.12774138152599335,0.024947160854935646,0.5114828944206238,0.010781709104776382,0.006301371846348047
2.398512840270996,1.3594959137067648,0.25034683868415875,-0.50006829900895089,0.083372828594635337,-0.93891471799074733,-0.39897213563088019,-0.04286249727010727,0.4064779579639435,0.12774138152599335,0.024947160854935646,0.5114828944206238,0.010781709104776382,0.006301371846348047
2.428546905517578,1.3574278400682036,0.2501090822168695,-0.49800148938792693,0.082810694305572974,-0.9388640426712912,-0.39918479948169611,-0.04286249727010727,0.4064779579639435,0.12774138152599335,0.024947160854935646,0.5114828944206238,0.010781709104776382,0.006301371846348047
2.458508014678955,1.3505759978574869,0.24760466269542195,-0.49130190705634114,0.082353291761771127,-0.93882818386653211,-0.39937198194699103,-0.04286249727010727,0.4064779579639435,0.12774138152599335,0.024947160854935646,0.5114828944206238,0.010781709104776382,0.006301371846348047
2.4885969161987305,1.3354947951684717,0.23850568155781501,-0.47999799899139473,0.081843236199977423,-0.93887097026512967,-0.39958745940651047,-0.04286249727010727,0.4064779579639435,0.12774138152599335,0.024947160854935646,0.5114828944206238,0.010781709104776382,0.006301371846348047
2.518918991088867,1.3187538995924384,0.22798874985148168,-0.46844134213882754,0.081377368500476055,-0.93912026865174203,-0.39984093196194281,-0.04286249727010727,0.4064779579639435,0.12774138152599335,0.024947160854935646,0.5114828944206238,0.010781709104776382,0.006301371846348047
2.5485219955444336,1.2902637024802526,0.21272284568211344,-0.45124006306938841,0.080936942477751017,-0.93949054580449143,-0.40012981772548117,-0.04286249727010727,0.4064779579639435,0.12774138152599335,0.024947160854935646,0.5114828944206238,0.010781709104776382,0.006301371846348047
2.578685998916626,1.2646863610365418,0.20089843091645662,-0.43820274222754635,0.080525450357603071,-0.93963535309633983,-0.4003177662583281,-0.04286249727010727,0.4064779579639435,0.12774138152599335,0.024947160854935646,0.5114828944206238,0.010781709104776382,0.006301371846348047
2.6085808277130127,1.2251614748072397,0.18258983245290597,-0.42239586125819656,0.080196070601340902,-0.93989031728643202,-0.40052455781686097,-0.04286249727010727,0.4064779579639435,0.12774138152599335,0.024947160854935646,0.5114828944206238,0.010781709104776382,0.006301371846348047
2.638551950454712,1.1920716525915211,0.16849406016226584,-0.41275725791825585,0.07980997132080915,-0.94007257446233039,-0.40069095042453823,-0.04286249727010727,0.4064779579639435,0.12774138152599335,0.024947160854935646,0.5114828944206238,0.010781709104776382,0.006301371846348047
2.6685268878936768,1.1453803622996379,0.14606091027733589,-0.40357761378029106,0.079367066589904403,-0.94003271511401609,-0.40080705848097381,-0.04286249727010727,0.4064779579639435,0.12774138152599335,0.024947160854935646,0.5114828944206238,0.010781709104776382,0.006301371846348047
2.698511838912964,1.0970451930770497,0.12015989982599622,-0.39818432801850717,0.078945923057355566,-0.9398971630408921,-0.40093144810290965,-0.04286249727010727,0.4064779579639435,0.12774138152599335,0.024947160854935646,0.5114828944206238,0.010781709104776382,0.006301371846348047
2.728559970855713,1.060164135880308,0.099224377028128294,-0.396615189561835,0.078657673979773302,-0.93969493905406332,-0.40104082012199177,-0.04286249727010727,0.4064779579639435,0.12774138152599335,0.024947160854935646,0.5114828944206238,0.010781709104776382,0.006301371846348047
2.7585129737854004,1.0104298411618688,0.068441082351638524,-0.39627669680489064,0.078412157837701835,-0.93950816832856654,-0.40113387327994726,-0.04286249727010727,0.4064779579639435,0.12774138152599335,0.024947160854935646,0.5114828944206238,0.010781709104776382,0.006301371846348047
2.788569927215576,0.96051145621324363,0.033098231159336841,-0.39874846903796862,0.078134641232665031,-0.93930304835758271,-0.401248549533117,-0.04286249727010727,0.4064779579639435,0.12774138152599335,0.024947160854935646,0.5114828944206238,0.010781709104776382,0.006301371846348047
2.8185298442840576,0.92420822072533992,0.0052794907006705584,-0.40160558998865342,0.077878926567699999,-0.93912625041165221,-0.40135963966604105,-0.04286249727010727,0.4064779579639435,0.12774138152599335,0.024947160854935646,0.5114828944206238,0.010781709104776382,0.006301371846348047
2.848524808883667,0.87675891651879523,-0.034224592009286944,-0.40745552643717747,0.07767927010627336,-0.93894786066404001,-0.40148207255230023,-0.04286249727010727,0.4064779579639435,0.12774138152599335,0.024947160854935646,0.5114828944206238,0.010781709104776382,0.006301371846348047
2.8788177967071533,0.84345020256564029,-0.064585121546367627,-0.41254586300761165,0.077568190388613026,-0.9388104878746022,-0.40159125405220253,-0.04286249727010727,0.4064779579639435,0.12774138152599335,0.024947160854935646,0.5114828944206238,0.010781709104776382,0.006301371846348047
2.9085628986358643,0.80103540227890213,-0.1060792706819222,-0.42041863236291205,0.077448986981441897,-0.93879074160232145,-0.40174338715119923,-0.04286249727010727,0.4064779579639435,0.12774138152599335,0.024947160854935646,0.5114828944206238,0.010781709104776382,0.006301371846348047
2.938544988632202,0.76357250844330182,-0.14683399088825264,-0.4294192886350523,0.077443800587777459,-0.93879396001691928,-0.40174869059142143,-0.04286249727010727,0.4064779579639435,0.12774138152599335,0.024947160854935646,0.5114828944206238,0.010781709104776382,0.006301371846348047
2.9685239791870117,0.73804904674003513,-0.17594316797155016,-0.43677834325955556,0.077337973991735795,-0.9391475353489892,-0.40198022509306119,-0.04286249727010727,0.4064779579639435,0.12774138152599335,0.024947160854935646,0.5114828944206238,0.010781709104776382,0.006301371846348047
2.998538017272949,0.70695853579285761,-0.21223996703452533,-0.44747909064340818,0.077434688544703728,-0.93920576375765208,-0.40209005673354875,-0.04286249727010727,0.4064779579639435,0.12774138152599335,0.024947160854935646,0.5114828944206238,0.010781709104776382,0.006301371846348047
3.028502941131592,0.68619150650021987,-0.23749527555588568,-0.45489318862805117,0.077782254471024354,-0.93930408768677376,-0.40236348128269389,-0.04286249727010727,0.4064779579639435,0.12774138152599335,0.024947160854935646,0.5114828944206238,0.010781709104776382,0.006301371846348047
3.0585079193115234,0.66277555174843605,-0.26738081593563928,-0.46702623180189473,0.078798496228087531,-0.93955889709034346,-0.40284908500531885,-0.04286249727010727,0.4064779579639435,0.12774138152599335,0.024947160854935646,0.5114828944206238,0.010781709104776382,0.006301371846348047
3.0885210037231445,0.64345468717910359,-0.29255940765292204,-0.47769977567549321,0.080438494481870279,-0.93968671852346386,-0.4034075563011153,-0.04286249727010727,0.4064779579639435,0.12774138152599335,0.024947160854935646,0.5114828944206238,0.010781709104776382,0.006301371846348047
3.1185429096221924,0.63191815435717735,-0.30882015473008162,-0.48431595965281432,0.082710760486105692,-0.93970825146617365,-0.40418038355221381,-0.04286249727010727,0.4064779579639435,0.12774138152599335,0.024947160854935646,0.5114828944206238,0.010781709104776382,0.006301371846348047
3.1485249996185303,0.6203078520010018,-0.32751200061284852,-0.493290186386101,0.086018951521026801,-0.93945482005844405,-0.40522150462908108,-0.04286249727010727,0.4064779579639435,0.12774138152599335,0.024947160854935646,0.5114828944206238,0.010781709104776382,0.006301371846348047
3.1785240173339844,0.61262807335834102,-0.3387861752215518,-0.49898938895865141,0.090213403973594897,-0.93890288618598661,-0.406470029115721,-0.04286249727010727,0.4064779579639435,0.12774138152599335,0.024947160854935646,0.5114828944206238,0.010781709104776382,0.006301371846348047
3.2085208892822266,0.60307542146417981,-0.35160344274904326,-0.50563357042598533,0.095359627887470155,-0.93814402991058965,-0.40791121100592281,-0.04286249727010727,0.4064779579639435,0.12774138152599335,0.024947160854935646,0.5114828944206238,0.010781709104776382,0.006301371846348047
3.239102840423584,0.59602715660948424,-0.36137858233665221,-0.51213759711067575,0.10104665235994008,-0.93713022064655638,-0.40953141045370745,-0.04286249727010727,0.4064779579639435,0.12774138152599335,0.024947160854935646,0.5114828944206238,0.010781709104776382,0.006301371846348047
3.2685599327087402,0.58991259143574448,-0.36734792967764385,-0.51758421109121922,0.10821554871582431,-0.93589919620197193,-0.41152186939608359,-0.04286249727010727,0.4064779579639435,0.12774138152599335,0.024947160854935646,0.5114828944206238,0.010781709104776382,0.006301371846348047
3.2985548973083496,0.58283388923427493,-0.37276459890867092,-0.52342844785353926,0.11652407813577982,-0.93423236134333887,-0.41365524378595914,-0.04286249727010727,0.4064779579639435,0.12774138152599335,0.024947160854935646,0.5114828944206238,0.010781709104776382,0.006301371846348047
3.328516960144043,0.57834120647564502,-0.37569760357058102,-0.52762032663480385,0.12517333084290155,-0.932220612075221,-0.41566118689767079,-0.04286249727010727,0.4064779579639435,0.12774138152599335,0.024947160854935646,0.5114828944206238,0.010781709104776382,0.006301371846348047
3.3588178157806396,0.57372369227161835,-0.37881559158126626,-0.5328016167036056,0.13464526941440255,-0.92982647293734944,-0.41772181929480462,-0.04286249727010727,0.4064779579639435,0.12774138152599335,0.024947160854935646,0.5114828944206238,0.010781709104776382,0.006301371846348047
3.3885319232940674,0.57037763564113719,-0.38096500804711203,-0.53791014152785144,0.14591978966682206,-0.92676336867832987,-0.4197460227132091,-0.04286249727010727,0.4064779579639435,0.12774138152599335,0.024947160854935646,0.5114828944206238,0.010781709104776382,0.006301371846348047
3.4185328483581543,0.5693991229355142,-0.38228499065231064,-0.53977725214776151,0.15818230732084657,-0.9233058630444243,-0.42186423985430621,-0.04286249727010727,0.4064779579639435,0.12774138152599335,0.024947160854935646,0.5114828944206238,0.010781709104776382,0.006301371846348047
3.4485089778900146,0.56712246587743453,-0.38298451534387135,-0.54435713717464107,0.17093932630006692,-0.91932344159847357,-0.42393617746949136,-0.04286249727010727,0.4064779579639435,0.12774138152599335,0.024947160854935646,0.5114828944206238,0.010781709104776382,0.006301371846348047
3.478583812713623,0.56626906374503305,-0.38226397498916359,-0.54683694523967741,0.18248289689003938,-0.91565350882729912,-0.42569652929201052,-0.04286249727010727,0.4064779579639435,0.12774138152599335,0.024947160854935646,0.5114828944206238,0.010781709104776382,0.006301371846348047
3.508521795272827,0.56569109517206273,-0.38113364948244194,-0.54853978132306491,0.19648853585519546,-0.91152283274371937,-0.42764608616662397,-0.04286249727010727,0.4064779579639435,0.12774138152599335,0.024947160854935646,0.5114828944206238,0.010781709104776382,0.006301371846348047
3.5385308265686035,0.56655669974771261,-0.38028038151438709,-0.54895770243829123,0.2097719757540685,-0.90743415913317049,-0.42937462307065472,-0.04286249727010727,0.4064779579639435,0.12774138152599335,0.024947160854935646,0.5114828944206238,0.010781709104776382,0.006301371846348047
3.5686028003692627,0.56829160737220918,-0.37724546685021332,-0.54963916814331393,0.22261172831699566,-0.90315474983644084,-0.43086139444524557,-0.04286249727010727,0.4064779579639435,0.12774138152599335,0.024947160854935646,0.5114828944206238,0.010781709104776382,0.006301371846348047
3.5985379219055176,0.5704054084850384,-0.37441593782461641,-0.54705424981169426,0.23648377077307742,-0.89843258354782518,-0.43224486332396356,-0.04286249727010727,0.4064779579639435,0.12774138152599335,0.024947160854935646,0.5114828944206238,0.010781709104776382,0.006301371846348047
3.6285288333892822,0.57227170671776284,-0.37085743968111456,-0.5444038178543551,0.2499309867398849,-0.89368590653751756,-0.43340823037975151,-0.04286249727010727,0.4064779579639435,0.12774138152599335,0.024947160854935646,0.5114828944206238,0.010781709104776382,0.006301371846348047
3.658514976501465,0.57487570768734642,-0.36611047051508522,-0.53797747063264678,0.26296639162264118,-0.88893490520009488,-0.43435181603680639,-0.04342099279165268,0.4070364832878113,0.12774138152599335,0.024947160854935646,0.5114828944206238,0.010781709104776382,0.006301371846348047
3.6885178089141846,0.57768806700335784,-0.36016090725832678,-0.53016619054305281,0.27697057409111075,-0.88370545456390126,-0.43506716462778228,-0.04342099279165268,0.4070364832878113,0.12774138152599335,0.024947160854935646,0.5114828944206238,0.010781709104776382,0.006301371846348047
3.71871280670166,0.5801405551976927,-0.35482795123015315,-0.52304053019513042,0.28968372089744837,-0.87872402313444731,-0.43562828280617111,-0.04342099279165268,0.4070364832878113,0.12774138152599335,0.024947160854935646,0.5114828944206238,0.010781709104776382,0.006301371846348047
3.7485198974609375,0.58452554496767861,-0.34566923026765517,-0.51137165437620302,0.30324906101708876,-0.87329378876527741,-0.43595961564775426,-0.04342099279165268,0.4070364832878113,0.12774138152599335,0.024947160854935646,0.5114828944206238,0.010781709104776382,0.006301371846348047
3.7785279750823975,0.5894370847459004,-0.33689311190624999,-0.50159999060344829,0.31562850856552305,-0.86820021889367283,-0.43619119798315176,-0.04342099279165268,0.4070364832878113,0.12774138152599335,0.024947160854935646,0.5114828944206238,0.010781709104776382,0.006301371846348047
3.808513879776001,0.59841019863346445,-0.32267669114234543,-0.48855941021091154,0.32734084076650427,-0.86324930962761215,-0.43624545148166433,-0.04342099279165268,0.4070364832878113,0.12774138152599335,0.024947160854935646,0.5114828944206238,0.010781709104776382,0.006301371846348047
3.8385798931121826,0.61098346173420148,-0.30477538853048258,-0.47497726251710309,0.33922828437307262,-0.85809073839944849,-0.43615949724330844,-0.04342099279165268,0.4070364832878113,0.12774138152599335,0.024947160854935646,0.5114828944206238,0.010781709104776382,0.006301371846348047
3.86853289604187,0.62202840038879836,-0.28952881605255182,-0.46583630318586317,0.35059171329365424,-0.85295307285342281,-0.43597870534540872,-0.04342099279165268,0.4070364832878113,0.12774138152599335,0.024947160854935646,0.5114828944206238,0.010781709104776382,0.006301371846348047
3.8985300064086914,0.64017350273889373,-0.2662133147555506,-0.45505031180940453,0.36086877049347182,-0.84815794575989834,-0.43564291530424665,-0.04342099279165268,0.4070364832878113,0.12774138152599335,0.024947160854935646,0.5114828944206238,0.010781709104776382,0.006301371846348047
3.928534984588623,0.65075941642296753,-0.2533620626128355,-0.44989332649807079,0.37091110953399709,-0.84328398731124854,-0.43526146949388389,-0.04342099279165268,0.4070364832878113,0.12774138152599335,0.024947160854935646,0.5114828944206238,0.010781709104776382,0.006301371846348047
3.9588449001312256,0.67861782463479947,-0.21895798826384164,-0.4385514252760353,0.3807145024465069,-0.8383786560448715,-0.43479515237476163,-0.04342099279165268,0.4070364832878113,0.12774138152599335,0.024947160854935646,0.5114828944206238,0.010781709104776382,0.006301371846348047
3.988557815551758,0.70409137109105646,-0.1879620194968839,-0.43130027333392018,0.38935330923879224,-0.83382566833291949,-0.43437815700518806,-0.04342099279165268,0.4070364832878113,0.12774138152599335,0.024947160854935646,0.5114828944206238,0.010781709104776382,0.006301371846348047
4.018535852432251,0.72437682642573487,-0.16311916851492259,-0.42629397792613066,0.3980157977679496,-0.82917525322425822,-0.43387182177591338,-0.04342099279165268,0.4070364832878113,0.12774138152599335,0.024947160854935646,0.5114828944206238,0.010781709104776382,0.006301371846348047
4.048534870147705,0.75296706538049007,-0.12856873790239889,-0.42027045188972534,0.40521713919193847,-0.82518529330591184,-0.43344703204763529,-0.04342099279165268,0.4070364832878113,0.12774138152599335,0.024947160854935646,0.5114828944206238,0.010781709104776382,0.006301371846348047
4.078517913818359,0.77553648788110052,-0.10128469236238459,-0.41603468050003212,0.41236298701846841,-0.82088852306291227,-0.43312803106059461,-0.04342099279165268,0.4070364832878113,0.12774138152599335,0.024947160854935646,0.5114828944206238,0.010781709104776382,0.006301371846348047
4.108667850494385,0.80749883455574467,-0.063848477789052602,-0.41088497857778461,0.41903971969844472,-0.81663180007972913,-0.43277881917309413,-0.04342099279165268,0.4070364832878113,0.12774138152599335,0.024947160854935646,0.5114828944206238,0.010781709104776382,0.006301371846348047
4.138537883758545,0.84198978631043953,-0.026045199103650597,-0.40620572807597011,0.42464727403425662,-0.81272982958690176,-0.43246747074751951,-0.04342099279165268,0.4070364832878113,0.12774138152599335,0.024947160854935646,0.5114828944206238,0.010781709104776382,0.006301371846348047
4.168522834777832,0.86986356627576056,0.0026427055257480072,-0.40254890066130172,0.42962710520999031,-0.80858811873607028,-0.43223064528394672,-0.04342099279165268,0.4070364832878113,0.12774138152599335,0.024947160854935646,0.5114828944206238,0.010781709104776382,0.006301371846348047
4.198530912399292,0.90900998539651889,0.038656476866533715,-0.39738745961650423,0.43395756321500817,-0.80476556362433083,-0.43201357227530374,-0.04342099279165268,0.4070364832878113,0.12774138152599335,0.024947160854935646,0.5114828944206238,0.010781709104776382,0.006301371846348047
4.228518009185791,0.94076559650104552,0.065047108250076022,-0.39394267530353816,0.43801160962043673,-0.80101856063418075,-0.43191167031656075,-0.04342099279165268,0.4070364832878113,0.12774138152599335,0.024947160854935646,0.5114828944206238,0.010781709104776382,0.006301371846348047
4.258514881134033,0.98528696135431471,0.096882503178047183,-0.38944615314502684,0.44142312163347325,-0.79754758639650858,-0.43200622711515652,-0.04397951066493988,0.4075949788093567,0.12774138152599335,0.024947160854935646,0.5114828944206238,0.010781709104776382,0.006301371846348047
4.288522958755493,1.0316969671162777,0.12524906186072568,-0.38587803231092332,0.44469013317035738,-0.79420331803625144,-0.43212123750900822,-0.04397951066493988,0.4075949788093567,0.12774138152599335,0.024947160854935646,0.5114828944206238,0.010781709104776382,0.006301371846348047
4.318554878234863,1.0671636442808465,0.14426401213880877,-0.38353090480609392,0.44760375844802924,-0.79111149336075093,-0.43238069493380321,-0.04397951066493988,0.4075949788093567,0.12774138152599335,0.024947160854935646,0.5114828944206238,0.010781709104776382,0.006301371846348047
4.348551988601685,1.1149375568072133,0.16617455952469565,-0.38147443556392036,0.44981055962557892,-0.78860163299082608,-0.43270160186180767,-0.04397951066493988,0.4075949788093567,0.12774138152599335,0.024947160854935646,0.5114828944206238,0.010781709104776382,0.006301371846348047
4.378506898880005,1.1504447663014457,0.18081134981952371,-0.38068273187615426,0.45228283428487431,-0.78585839654211953,-0.43306229152367637,-0.04397951066493988,0.4075949788093567,0.12774138152599335,0.024947160854935646,0.5114828944206238,0.010781709104776382,0.006301371846348047
4.408523797988892,1.1966442093498284,0.19862539525038828,-0.38074437254560695,0.45424668502630422,-0.78372398354862105,-0.43344281311718441,-0.04397951066493988,0.4075949788093567,0.12774138152599335,0.024947160854935646,0.5114828944206238,0.010781709104776382,0.006301371846348047
4.438596963882446,1.2411762088193565,0.21310273600561094,-0.38198586117991828,0.4561365023769825,-0.78144879171512927,-0.43372932937125719,-0.04397951066493988,0.4075949788093567,0.12774138152599335,0.024947160854935646,0.5114828944206238,0.010781709104776382,0.006301371846348047
4.468541860580444,1.272242748528555,0.22115670902953347,-0.38386263930829567,0.45805645776600745,-0.77915779220348291,-0.43392147965489347,-0.04397951066493988,0.4075949788093567,0.12774138152599335,0.024947160854935646,0.5114828944206238,0.010781709104776382,0.006301371846348047
4.498538017272949,1.3097642132624907,0.22992104578475572,-0.38773023537120338,0.45940191201733827,-0.77727432843715905,-0.43420086264700208,-0.04397951066493988,0.4075949788093567,0.12774138152599335,0.024947160854935646,0.5114828944206238,0.010781709104776382,0.006301371846348047
4.528532981872559,1.3267859628954959,0.23313234380924661,-0.39097804135439168,0.46086924387226058,-0.77530470014175501,-0.43447470437636954,-0.04397951066493988,0.4075949788093567,0.12774138152599335,0.024947160854935646,0.5114828944206238,0.010781709104776382,0.006301371846348047
4.558539867401123,1.3620202552063887,0.23939148136703201,-0.39936010687495599,0.46244512125783221,-0.77329428060256322,-0.43467931267733745,-0.04397951066493988,0.4075949788093567,0.12774138152599335,0.024947160854935646,0.5114828944206238,0.010781709104776382,0.006301371846348047
4.588521957397461,1.3828944723851062,0.24243984902022006,-0.40775826219869588,0.46418122340770068,-0.7711313954448421,-0.43488147176315162,-0.04397951066493988,0.4075949788093567,0.12774138152599335,0.024947160854935646,0.5114828944206238,0.010781709104776382,0.006301371846348047
4.618527889251709,1.3946130342631347,0.24476161946885325,-0.41413003689687505,0.46582284633832971,-0.76905624664842598,-0.43513074330699286,-0.04397951066493988,0.4075949788093567,0.12774138152599335,0.024947160854935646,0.5114828944206238,0.010781709104776382,0.006301371846348047
4.648522853851318,1.4061605899729028,0.24736692951679604,-0.42256998021522529,0.46763132838720078,-0.76677147895849418,-0.43523787435177136,-0.04397951066493988,0.4075949788093567,0.12774138152599335,0.024947160854935646,0.5114828944206238,0.010781709104776382,0.006301371846348047
4.678532838821411,1.4104427752341433,0.24813208919736737,-0.42666779380370179,0.4697432143447936,-0.76431467948287179,-0.43538036676336933,-0.04397951066493988,0.4075949788093567,0.12774138152599335,0.024947160854935646,0.5114828944206238,0.010781709104776382,0.006301371846348047
4.7085487842559814,1.4178066950577259,0.24979065028051325,-0.43415358450407343,0.47172098752163832,-0.76163381293567212,-0.43555722332296193,-0.04397951066493988,0.4075949788093567,0.12774138152599335,0.024947160854935646,0.5114828944206238,0.010781709104776382,0.006301371846348047
4.738526821136475,1.4207122268868297,0.25129737466361601,-0.4388042183021858,0.47436358841132442,-0.75867593177543724,-0.43563662058291952,-0.04397951066493988,0.4075949788093567,0.12774138152599335,0.024947160854935646,0.5114828944206238,0.010781709104776382,0.006301371846348047
4.768564939498901,1.4217204441424873,0.2522675784335569,-0.4421385772167768,0.47697041047545002,-0.7555053793280021,-0.43563358124847634,-0.04397951066493988,0.4075949788093567,0.12774138152599335,0.024947160854935646,0.5114828944206238,0.010781709104776382,0.006301371846348047
4.7985358238220215,1.4214867130476632,0.25391553520160542,-0.44635120090096808,0.4791573808548642,-0.75260291769604493,-0.43566185076042163,-0.04397951066493988,0.4075949788093567,0.12774138152599335,0.024947160854935646,0.5114828944206238,0.010781709104776382,0.006301371846348047
4.828517913818359,1.4206212611148636,0.25455097915943509,-0.4482916945383919,0.48189333136594675,-0.74896138010197377,-0.43560021705602381,-0.04397951066493988,0.4075949788093567,0.12774138152599335,0.024947160854935646,0.5114828944206238,0.010781709104776382,0.006301371846348047
4.858532905578613,1.4179028150395272,0.2561959418460904,-0.4529544315736585,0.4844421493065087,-0.74553023351051095,-0.43559563763945519,-0.04397951066493988,0.4075949788093567,0.12774138152599335,0.024947160854935646,0.5114828944206238,0.010781709104776382,0.006301371846348047
4.888556003570557,1.4161905249407329,0.25763497420428028,-0.45611998764520023,0.48731719408814933,-0.74165741396835505,-0.43545400895503267,-0.04397951066493988,0.4075949788093567,0.12774138152599335,0.024947160854935646,0.5114828944206238,0.010781709104776382,0.006301371846348047
4.918522834777832,1.4146242905247601,0.25842771375708523,-0.45826677398465893,0.49046493205764202,-0.73758044172286852,-0.43530365327030512,-0.04397951066493988,0.4075949788093567,0.12774138152599335,0.024947160854935646,0.5114828944206238,0.010781709104776382,0.006301371846348047
4.948535919189453,1.4131792276508928,0.25827029450543226,-0.46006301554494633,0.49296401177817323,-0.73394172108646427,-0.4352935713787161,-0.04397951066493988,0.4075949788093567,0.12774138152599335,0.024947160854935646,0.5114828944206238,0.010781709104776382,0.006301371846348047
4.978519916534424,1.4113598883621359,0.25839291622037092,-0.46232988901911093,0.496195179685611,-0.72961720628202764,-0.43508265765678839,-0.04397951066493988,0.4075949788093567,0.12774138152599335,0.024947160854935646,0.5114828944206238,0.010781709104776382,0.006301371846348047
5.008526802062988,1.4096540634171215,0.25839445061109229,-0.46451622307717261,0.4993668110194916,-0.72531842032764327,-0.43502542743219763,-0.04397951066493988,0.4075949788093567,0.12774138152599335,0.024947160854935646,0.5114828944206238,0.010781709104776382,0.006301371846348047
5.038517951965332,1.4082939710311622,0.25823322823858885,-0.46604233786992066,0.50271055113421059,-0.72058703835023985,-0.4348581799233498,-0.04397951066493988,0.4075949788093567,0.12774138152599335,0.024947160854935646,0.5114828944206238,0.010781709104776382,0.006301371846348047
5.068527936935425,1.4075852334882093,0.25774044784257139,-0.46658301390820422,0.50555182349421357,-0.71627086889368208,-0.43484294123171235,-0.04397951066493988,0.4075949788093567,0.12774138152599335,0.024947160854935646,0.5114828944206238,0.010781709104776382,0.006301371846348047
5.098549842834473,1.4067676603603392,0.25682444557269107,-0.46617713039312048,0.50895236609296179,-0.7111999627303307,-0.43472836259711439,-0.04397951066493988,0.4075949788093567,0.12774138152599335,0.024947160854935646,0.5114828944206238,0.010781709104776382,0.006301371846348047
5.128562927246094,1.4057751322460013,0.25581304906804525,-0.46540777166525932,0.51215908899249529,-0.70597195366222454,-0.43469916539945158,-0.04397951066493988,0.4075949788093567,0.12774138152599335,0.024947160854935646,0.5114828944206238,0.010781709104776382,0.006301371846348047
5.1585187911987305,1.4040982021031305,0.25449238513954131,-0.46329997408100121,0.51533177778576456,-0.70081463080179229,-0.434644856708644,-0.04397951066493988,0.4075949788093567,0.12774138152599335,0.024947160854935646,0.5114828944206238,0.010781709104776382,0.006301371846348047
5.1885340213775635,1.4018498791220726,0.25242608261080646,-0.45935026925151884,0.51853462060479105,-0.69521483161346187,-0.43477964400653885,-0.04397951066493988,0.4075949788093567,0.12774138152599335,0.024947160854935646,0.5114828944206238,0.010781709104776382,0.006301371846348047
5.218524932861328,1.3997268788409771,0.25047864062563407,-0.45548006982891137,0.52192847649641805,-0.68980989791570391,-0.43469349737880975,-0.04397951066493988,0.4075949788093567,0.12774138152599335,0.024947160854935646,0.5114828944206238,0.010781709104776382,0.006301371846348047
5.248544931411743,1.397072207749473,0.24785127181184644,-0.4504048684174925,0.52509719430494106,-0.68376330889669379,-0.43488292520810767,-0.04397951066493988,0.4075949788093567,0.12774138152599335,0.024947160854935646,0.5114828944206238,0.010781709104776382,0.006301371846348047
5.278579950332642,1.3918489106064029,0.24460772074340828,-0.44250736192607593,0.52880134331966488,-0.67709536300560003,-0.43488400857828552,-0.04397951066493988,0.4075949788093567,0.12774138152599335,0.024947160854935646,0.5114828944206238,0.010781709104776382,0.006301371846348047
5.308527946472168,1.3845308889920203,0.24030469247925659,-0.43307381162885894,0.53188539000429347,-0.67093105740133607,-0.43502418735209447,-0.04397951066493988,0.4075949788093567,0.12774138152599335,0.024947160854935646,0.5114828944206238,0.010781709104776382,0.006301371846348047
5.3385279178619385,1.3739375528282187,0.23562792637414873,-0.42251655817177153,0.53525869931239389,-0.66389904525294574,-0.43525171284478892,-0.04397951066493988,0.4075949788093567,0.12774138152599335,0.024947160854935646,0.5114828944206238,0.010781709104776382,0.006301371846348047
5.368536949157715,1.3636868106428799,0.23225945279236429,-0.41424642255006439,0.53865558152484316,-0.65716229798237658,-0.4353957012249513,-0.04397951066493988,0.4075949788093567,0.12774138152599335,0.024947160854935646,0.5114828944206238,0.010781709104776382,0.006301371846348047
5.398537874221802,1.3512383826152572,0.22891013199179175,-0.40612761492414773,0.54215951510315485,-0.64949485002161467,-0.43565965485920444,-0.04397951066493988,0.4075949788093567,0.12774138152599335,0.024947160854935646,0.5114828944206238,0.010781709104776382,0.006301371846348047
5.428607940673828,1.3312295047802341,0.22389273567312548,-0.39565921350223976,0.54581551292926145,-0.64132239877840547,-0.43587122130933442,-0.04397951066493988,0.4075949788093567,0.12774138152599335,0.024947160854935646,0.5114828944206238,0.010781709104776382,0.006301371846348047
5.458530902862549,1.3070694603026818,0.21814782289334969,-0.38537220045432119,0.54910878780478956,-0.63358491690616792,-0.43613879130314148,-0.04397951066493988,0.4075949788093567,0.12774138152599335,0.024947160854935646,0.5114828944206238,0.010781709104776382,0.006301371846348047
5.488517999649048,1.278560310861772,0.2128465141711233,-0.37611528321185456,0.55238972369782313,-0.62506911979778956,-0.43652516406856545,-0.04397951066493988,0.4075949788093567,0.12774138152599335,0.024947160854935646,0.5114828944206238,0.010781709104776382,0.006301371846348047
5.518509864807129,1.2544263591820621,0.20803183509765424,-0.37053468420892877,0.55581352941976858,-0.61673197161994675,-0.43679049563934996,-0.04397951066493988,0.4075949788093567,0.12774138152599335,0.024947160854935646,0.5114828944206238,0.010781709104776382,0.006301371846348047
5.548509836196899,1.2278268074327945,0.20374887321935078,-0.36539139029848139,0.55924442131448293,-0.60736333790247676,-0.43715750533389758,-0.04397951066493988,0.4075949788093567,0.12774138152599335,0.024947160854935646,0.5114828944206238,0.010781709104776382,0.006301371846348047
5.578517913818359,1.1882116930736619,0.1971920777811916,-0.36064064690613251,0.56253102859415194,-0.5977578800301081,-0.43753199915364138,-0.04397951066493988,0.4075949788093567,0.12774138152599335,0.024947160854935646,0.5114828944206238,0.010781709104776382,0.006301371846348047
5.608514785766602,1.1448648066273681,0.1904020312168905,-0.35775884773012928,0.5655836484669281,-0.58835799821835766,-0.4378958640109063,-0.04397951066493988,0.4075949788093567,0.12774138152599335,0.024947160854935646,0.5114828944206238,0.010781709104776382,0.006301371846348047
5.638515949249268,1.0979157831996234,0.18299023146398694,-0.35717416413444536,0.56881674130333149,-0.57851838331407124,-0.43818020077792036,-0.04397951066493988,0.4075949788093567,0.12774138152599335,0.024947160854935646,0.5114828944206238,0.010781709104776382,0.006301371846348047
5.6685638427734375,1.0607483303161502,0.17687146944474688,-0.35831610605376574,0.57147814899210858,-0.56887161272844078,-0.43870560036459255,-0.04397951066493988,0.4075949788093567,0.12774138152599335,0.024947160854935646,0.5114828944206238,0.010781709104776382,0.006301371846348047
5.698525905609131,1.0100966351371496,0.16838121463596054,-0.36190765878949543,0.57434530409473505,-0.55808520669762351,-0.4391628022359621,-0.04397951066493988,0.4075949788093567,0.12774138152599335,0.024947160854935646,0.5114828944206238,0.010781709104776382,0.006301371846348047
5.728518009185791,0.9724805270900746,0.16123371053170479,-0.36631345449816605,0.57702947318246844,-0.54728347448811887,-0.43956726631491899,-0.04397951066493988,0.4075949788093567,0.12774138152599335,0.024947160854935646,0.5114828944206238,0.010781709104776382,0.006301371846348047
5.758521795272827,0.92298499386214339,0.15024334310380974,-0.37448657851925249,0.57910410632527498,-0.5371256861563265,-0.44012874498296123,-0.04397951066493988,0.4075949788093567,0.12774138152599335,0.024947160854935646,0.5114828944206238,0.010781709104776382,0.006301371846348047
5.788506984710693,0.87437494042754504,0.14051195949638495,-0.3847160355889444,0.58130054766949368,-0.52626644383023757,-0.44064229683230233,-0.04397951066493988,0.4075949788093567,0.12774138152599335,0.024947160854935646,0.5114828944206238,0.010781709104776382,0.006301371846348047
5.818556785583496,0.84028172194062412,0.13361614757800511,-0.39310488298373281,0.58317608912861696,-0.51585401170720169,-0.44111095165180775,-0.04397951066493988,0.4075949788093567,0.12774138152599335,0.024947160854935646,0.5114828944206238,0.010781709104776382,0.006301371846348047
5.848551988601685,0.79699326782425883,0.12451563675801357,-0.40548206151880162,0.58467985184253346,-0.50456768849166556,-0.44177787826858161,-0.04397951066493988,0.4075949788093567,0.12774138152599335,0.024947160854935646,0.5114828944206238,0.010781709104776382,0.006301371846348047
5.878508806228638,0.76661299059698018,0.11800864127191303,-0.41546078690655169,0.58619817679623987,-0.49314576382966452,-0.44230005247115189,-0.04397951066493988,0.4075949788093567,0.12774138152599335,0.024388646706938744,0.5109243988990784,0.010781709104776382,0.006301371846348047
5.908516883850098,0.72898475528048379,0.11091864340609885,-0.4286283178799466,0.5869823809648429,-0.48255410570305618,-0.44299308999876025,-0.04397951066493988,0.4075949788093567,0.12774138152599335,0.024388646706938744,0.5109243988990784,0.010781709104776382,0.006301371846348047
5.938522815704346,0.69405205270895121,0.10509065015981821,-0.44186099429334164,0.58786603591450537,-0.47099672713888568,-0.44366746202625573,-0.04397951066493988,0.4075949788093567,0.12774138152599335,0.023830149322748184,0.5103658437728882,0.010781709104776382,0.006301371846348047
5.968533992767334,0.6703063232916403,0.10099358538030563,-0.45120879225922261,0.588292908958438,-0.4606181107237437,-0.44430477936615514,-0.04397951066493988,0.4075949788093567,0.12774138152599335,0.023830149322748184,0.5103658437728882,0.010781709104776382,0.006301371846348047
5.998530864715576,0.64148753239818712,0.095187983873136525,-0.46360427470012688,0.58829228062569416,-0.44911058782821345,-0.44516275385188869,-0.04397951066493988,0.4075949788093567,0.12774138152599335,0.023830149322748184,0.5103658437728882,0.010781709104776382,0.006301371846348047
6.028538942337036,0.62272944571299138,0.091294832019505487,-0.47215903879106041,0.58822255029339332,-0.43818402101796777,-0.44580967484155892,-0.04397951066493988,0.4075949788093567,0.12774138152599335,0.023830149322748184,0.5103658437728882,0.010781709104776382,0.006301371846348047
6.058530807495117,0.60047965623710142,0.086258291529523648,-0.48272963218957987,0.58757556580901182,-0.42675107697093945,-0.44677171310705194,-0.04397951066493988,0.4075949788093567,0.12774138152599335,0.023830149322748184,0.5103658437728882,0.010781709104776382,0.006301371846348047
6.088542938232422,0.58155851784441503,0.081750557839470814,-0.49256416522510449,0.58686521019413518,-0.41520449900515943,-0.44764241023007045,-0.04397951066493988,0.4075949788093567,0.12774138152599335,0.023830149322748184,0.5103658437728882,0.010781709104776382,0.006301371846348047
6.118522882461548,0.56933235013854755,0.078827433022845575,-0.49969978853307073,0.58602883013648421,-0.40465834878509926,-0.4484039788265699,-0.04397951066493988,0.4075949788093567,0.12774138152599335,0.023830149322748184,0.5103658437728882,0.010781709104776382,0.006301371846348047
6.148538827896118,0.55488663173756048,0.075359654757509345,-0.50855829201872171,0.5846555334152167,-0.39339856898030906,-0.44939345166306671,-0.04397951066493988,0.4075949788093567,0.12774138152599335,0.023830149322748184,0.5103658437728882,0.010781709104776382,0.006301371846348047
6.1785359382629395,0.54557649251112317,0.073599890089231526,-0.51491217046928017,0.58304246980159602,-0.38284115967544552,-0.45039082731452718,-0.04397951066493988,0.4075949788093567,0.12774138152599335,0.023830149322748184,0.5103658437728882,0.010781709104776382,0.006301371846348047
6.208525896072388,0.53452314216443819,0.072863373770960485,-0.52162223435434063,0.58140762333393914,-0.3717801100068861,-0.45119865264372933,-0.04397951066493988,0.4075949788093567,0.12774138152599335,0.023830149322748184,0.5103658437728882,0.010781709104776382,0.006301371846348047
6.238679885864258,0.52518160323733876,0.072296698075955887,-0.52819003671068143,0.57944525994942042,-0.3609758160189257,-0.45217285715976568,-0.04397951066493988,0.4075949788093567,0.12774138152599335,0.023830149322748184,0.5103658437728882,0.010781709104776382,0.006301371846348047
6.268520832061768,0.51901890872370393,0.072586969919252911,-0.53193119548788448,0.57745585528587351,-0.35169670327285285,-0.45313278998274048,-0.04397951066493988,0.4075949788093567,0.12774138152599335,0.023830149322748184,0.5103658437728882,0.010781709104776382,0.006301371846348047
6.2985358238220215,0.51266990216604735,0.072426950454583847,-0.53608677483625478,0.57528790261622487,-0.34200120337288714,-0.45415388573656806,-0.04397951066493988,0.4075949788093567,0.12774138152599335,0.023830149322748184,0.5103658437728882,0.010781709104776382,0.006301371846348047
6.328521966934204,0.50861571261187577,0.073021600962624764,-0.53839702817063906,0.57304058505985012,-0.33296241878279986,-0.45514752130241437,-0.04397951066493988,0.4075949788093567,0.12774138152599335,0.023830149322748184,0.5103658437728882,0.010781709104776382,0.006301371846348047
6.358524799346924,0.50399376011724917,0.072459852332902405,-0.54158297629564089,0.57090670195962945,-0.32468929670514934,-0.4559023225881968,-0.04397951066493988,0.4075949788093567,0.12774138152599335,0.023830149322748184,0.5103658437728882,0.010781709104776382,0.006301371846348047
6.388528823852539,0.50037287180636913,0.072094626638602416,-0.54471674017865723,0.5688900940374938,-0.31731307391519792,-0.45672992569396303,-0.04397951066493988,0.4075949788093567,0.12774138152599335,0.023830149322748184,0.5103658437728882,0.010781709104776382,0.006301371846348047
6.418521881103516,0.4983427431155959,0.0725083673529619,-0.54673471616127423,0.56666194840928197,-0.3102863240773176,-0.4575845033056159,-0.04397951066493988,0.4075949788093567,0.12774138152599335,0.023830149322748184,0.5103658437728882,0.010781709104776382,0.006301371846348047
6.448531866073608,0.49745694048137806,0.072078505386294595,-0.54866905433712876,0.56471720466211961,-0.30397984855404347,-0.45843359000314027,-0.04397951066493988,0.4075949788093567,0.12774138152599335,0.023830149322748184,0.5103658437728882,0.010781709104776382,0.006301371846348047
6.4785239696502686,0.49678512110785261,0.071426301107836071,-0.55104911850738569,0.56289169028325747,-0.29894236290676113,-0.45915063013838509,-0.04397951066493988,0.4075949788093567,0.12774138152599335,0.023830149322748184,0.5103658437728882,0.010781709104776382,0.006301371846348047
6.508519887924194,0.4973427811408771,0.07174363806195537,-0.55251931689004674,0.56141399386303004,-0.29446788765418508,-0.45986145395765793,-0.04397951066493988,0.4075949788093567,0.12774138152599335,0.023830149322748184,0.5103658437728882,0.010781709104776382,0.006301371846348047
6.538528919219971,0.49894550228757412,0.072337631761109883,-0.55206167441200016,0.56021018925592647,-0.29069486165809816,-0.46057844130444608,-0.04397951066493988,0.4075949788093567,0.12774138152599335,0.023830149322748184,0.5103658437728882,0.010781709104776382,0.006301371846348047
6.568535804748535,0.50119730595142886,0.073026927266454086,-0.55049370511295737,0.55914302253022485,-0.28736392828875607,-0.46125707954949757,-0.04397951066493988,0.4075949788093567,0.12774138152599335,0.023830149322748184,0.5103658437728882,0.010781709104776382,0.006301371846348047
6.598549842834473,0.50484394225657536,0.072506028376844361,-0.54708735869702096,0.55826996006923324,-0.2847164411166852,-0.46185616154674303,-0.04397951066493988,0.4075949788093567,0.12774138152599335,0.023830149322748184,0.5103658437728882,0.010781709104776382,0.006301371846348047
6.628533840179443,0.51093276494180462,0.074055139008417106,-0.53890077195564079,0.55753668241108012,-0.28266200071658332,-0.46232265108937287,-0.04397951066493988,0.4075949788093567,0.12774138152599335,0.023830149322748184,0.5103658437728882,0.010781709104776382,0.006301371846348047
6.658505916595459,0.5189476530789382,0.076372767102366609,-0.52868915174719366,0.55669131378308645,-0.28088859980885511,-0.46273977918653864,-0.04397951066493988,0.4075949788093567,0.12774138152599335,0.023830149322748184,0.5103658437728882,0.010781709104776382,0.006301371846348047
6.688520908355713,0.52888929872178425,0.079723461753747851,-0.51470985940142044,0.55590649591674146,-0.27952254992686104,-0.46306218297129165,-0.04397951066493988,0.4075949788093567,0.12774138152599335,0.023830149322748184,0.5103658437728882,0.010781709104776382,0.006301371846348047
6.718533992767334,0.53842300536103738,0.081981106854457544,-0.50284788050842533,0.55541558073713548,-0.27832767602650604,-0.46331310563557043,-0.04397951066493988,0.4075949788093567,0.12774138152599335,0.023830149322748184,0.5103658437728882,0.010781709104776382,0.006301371846348047
6.748543977737427,0.54971569355714911,0.084340190001522916,-0.49008418122352382,0.55499179258445697,-0.2774923504110241,-0.46357757772008235,-0.04397951066493988,0.4075949788093567,0.12774138152599335,0.023830149322748184,0.5103658437728882,0.010781709104776382,0.006301371846348047
6.7785258293151855,0.56736071462790472,0.087911885345329691,-0.4718872614330693,0.55437199193132136,-0.27687189330145007,-0.46379740265911479,-0.04397951066493988,0.4075949788093567,0.12774138152599335,0.023830149322748184,0.5103658437728882,0.010781709104776382,0.006301371846348047
6.808520793914795,0.58915447908336016,0.091782114602452045,-0.45260184549738247,0.55413293544428222,-0.27637110400843112,-0.46397932160628169,-0.04397951066493988,0.4075949788093567,0.12774138152599335,0.023830149322748184,0.5103658437728882,0.010781709104776382,0.006301371846348047
6.838518857955933,0.61558962838461573,0.096308546855957203,-0.43349891871696455,0.55408996489157492,-0.27582132998839098,-0.46407293841736696,-0.04397951066493988,0.4075949788093567,0.12774138152599335,0.023830149322748184,0.5103658437728882,0.010781709104776382,0.006301371846348047
6.86851692199707,0.63943498219726658,0.099769172123457109,-0.41964715011791459,0.55406463379497162,-0.27538011849039951,-0.46418502648021331,-0.04397951066493988,0.4075949788093567,0.12774138152599335,0.023830149322748184,0.5103658437728882,0.010781709104776382,0.006301371846348047
6.898536920547485,0.66449193561843167,0.10324111887076172,-0.40592365254586815,0.55405333592751216,-0.27493814649410797,-0.46425122172408978,-0.04397951066493988,0.4075949788093567,0.12774138152599335,0.023830149322748184,0.5103658437728882,0.010781709104776382,0.006301371846348047
6.928532838821411,0.7008745361990617,0.10794240415083563,-0.38888407132737679,0.55405253622985751,-0.27443137977119836,-0.464290540926586,-0.04397951066493988,0.4075949788093567,0.12774138152599335,0.023830149322748184,0.5103658437728882,0.010781709104776382,0.006301371846348047
6.958531856536865,0.74117971412053607,0.11281295363779216,-0.37391686511106415,0.55407380682781215,-0.27389314711088431,-0.46425876768143259,-0.04397951066493988,0.4075949788093567,0.12774138152599335,0.023830149322748184,0.5103658437728882,0.010781709104776382,0.006301371846348047
6.988512992858887,0.78494200848517137,0.11738280128026195,-0.36098505766868694,0.55400030589551619,-0.27323379635545336,-0.46418703709119796,-0.04397951066493988,0.4075949788093567,0.12774138152599335,0.023830149322748184,0.5103658437728882,0.010781709104776382,0.006301371846348047
7.018513917922974,0.81875118242792222,0.12121564804063566,-0.35257411252392151,0.55362957418568726,-0.27267349469012853,-0.4641414371753172,-0.04397951066493988,0.4075949788093567,0.12774138152599335,0.023830149322748184,0.5103658437728882,0.010781709104776382,0.006301371846348047
7.048521995544434,0.86593682595885446,0.12737342591340642,-0.3428907367073431,0.55334783914343144,-0.27218824812789788,-0.4641219551366757,-0.04397951066493988,0.4075949788093567,0.12774138152599335,0.023830149322748184,0.5103658437728882,0.010781709104776382,0.006301371846348047
7.078517913818359,0.90188876499687509,0.13229769430352803,-0.3367168919476885,0.55323100693452032,-0.27152414597035274,-0.46411155948562077,-0.04397951066493988,0.4075949788093567,0.12774138152599335,0.023830149322748184,0.5103658437728882,0.010781709104776382,0.006301371846348047
7.108628988265991,0.95003124019573537,0.13969265452776955,-0.32965023433047203,0.55320111351710799,-0.27082704850255257,-0.46406903076527994,-0.04397951066493988,0.4075949788093567,0.12774138152599335,0.023830149322748184,0.5103658437728882,0.010781709104776382,0.006301371846348047
7.138520956039429,0.9980501690589213,0.14794436985423889,-0.32404057834833055,0.55320354674253891,-0.27019842220212309,-0.46404362246429692,-0.04397951066493988,0.4075949788093567,0.12774138152599335,0.023830149322748184,0.5103658437728882,0.010781709104776382,0.006301371846348047
7.168534994125366,1.0340298908574699,0.15354764752368752,-0.32123900643214948,0.5531807655642168,-0.26963889782011291,-0.46405881762507284,-0.04397951066493988,0.4075949788093567,0.12774138152599335,0.023830149322748184,0.5103658437728882,0.010781709104776382,0.006301371846348047
7.198562860488892,1.0812290862464005,0.16118845469479345,-0.31816447952781218,0.55312491879532877,-0.26897369298822826,-0.46407876502776046,-0.04397951066493988,0.4075949788093567,0.12774138152599335,0.023830149322748184,0.5103658437728882,0.010781709104776382,0.006301371846348047
7.228531837463379,1.1163537737471296,0.16676084288819318,-0.31664156697917178,0.553054695087696,-0.268357317082006,-0.46411218472990345,-0.04397951066493988,0.4075949788093567,0.12774138152599335,0.023830149322748184,0.5103658437728882,0.010781709104776382,0.006301371846348047
7.258602857589722,1.1617747342456186,0.17403909265812481,-0.31586774701555109,0.55299011674888665,-0.26774160218619969,-0.46415620285314318,-0.04397951066493988,0.4075949788093567,0.12774138152599335,0.023830149322748184,0.5103658437728882,0.010781709104776382,0.006301371846348047
7.288541793823242,1.2063126369791493,0.180028319642105,-0.31590907010819108,0.55288738625538225,-0.2670805256274123,-0.46417565049416559,-0.04397951066493988,0.4075949788093567,0.12774138152599335,0.023830149322748184,0.5103658437728882,0.010781709104776382,0.006301371846348047
7.318543910980225,1.2385637819201409,0.18439586386706378,-0.31703887262499258,0.55277621373575359,-0.26637498011540989,-0.46417347191742192,-0.04397951066493988,0.4075949788093567,0.12774138152599335,0.023830149322748184,0.5103658437728882,0.010781709104776382,0.006301371846348047
7.348545789718628,1.269741738948305,0.18862493766503449,-0.3183691695071314,0.55262808235621752,-0.2656165231602467,-0.46417809965607154,-0.04397951066493988,0.4075949788093567,0.12774138152599335,0.023830149322748184,0.5103658437728882,0.010781709104776382,0.006301371846348047
7.378947019577026,1.3081332205036387,0.19352581728355553,-0.322585348425249,0.55215111747676526,-0.2649872583799544,-0.46422486681328712,-0.04397951066493988,0.4075949788093567,0.12774138152599335,0.023830149322748184,0.5103658437728882,0.010781709104776382,0.006301371846348047
7.4085118770599365,1.3417401874787562,0.19710761283016401,-0.32802589054284953,0.5517098716555483,-0.26436619369947745,-0.46427103682317955,-0.04397951066493988,0.4075949788093567,0.12774138152599335,0.023830149322748184,0.5103658437728882,0.010781709104776382,0.006301371846348047
7.438529968261719,1.3697578000251782,0.20088928954598137,-0.33621562311589609,0.55148657768056519,-0.26363023935821683,-0.4643284864791894,-0.04397951066493988,0.4075949788093567,0.12774138152599335,0.023830149322748184,0.5103658437728882,0.010781709104776382,0.006301371846348047
7.468516826629639,1.3869466091836922,0.20403401697508319,-0.34375719005801897,0.55128728219030643,-0.26289139406943657,-0.46439294775183265,-0.04397951066493988,0.4075949788093567,0.12774138152599335,0.023830149322748184,0.5103658437728882,0.010781709104776382,0.006301371846348047
7.498528957366943,1.4048948561688728,0.20799138706145795,-0.35540925071781204,0.55110525556691958,-0.26213168288337402,-0.46447242556341745,-0.04397951066493988,0.4075949788093567,0.12774138152599335,0.023830149322748184,0.5103658437728882,0.010781709104776382,0.006301371846348047
7.528515815734863,1.4156925433747445,0.21127682133765444,-0.36496481534712882,0.55095533687899256,-0.2613611617806853,-0.46455920831143332,-0.04397951066493988,0.4075949788093567,0.12774138152599335,0.023830149322748184,0.5103658437728882,0.010781709104776382,0.006301371846348047
7.558562994003296,1.4266165965877242,0.21535990819828768,-0.37707418372319623,0.55084997939090996,-0.26046706430001715,-0.46461532681120754,-0.04397951066493988,0.4075949788093567,0.12774138152599335,0.023830149322748184,0.5103658437728882,0.010781709104776382,0.006301371846348047
7.588545799255371,1.4332896010586125,0.21777487350999139,-0.38857652331156856,0.55075515699586852,-0.25941486092732402,-0.46469893543131102,-0.04397951066493988,0.4075949788093567,0.12774138152599335,0.023830149322748184,0.5103658437728882,0.010781709104776382,0.006301371846348047
7.61851692199707,1.4365379872856037,0.21882158666717491,-0.39623951846475797,0.55058782199309753,-0.25830084980016776,-0.4648077941655811,-0.04397951066493988,0.4075949788093567,0.12774138152599335,0.023830149322748184,0.5103658437728882,0.010781709104776382,0.006301371846348047
7.648528814315796,1.438152033252257,0.21983235073935622,-0.40288667773237186,0.55027591396734987,-0.25701731033881781,-0.46491069481853958,-0.04397951066493988,0.4075949788093567,0.12774138152599335,0.023830149322748184,0.5103658437728882,0.010781709104776382,0.006301371846348047
7.6785359382629395,1.4382371556977382,0.22083294501533465,-0.41057849728870821,0.54971351464312146,-0.25576937829236646,-0.46502739444976804,-0.04397951066493988,0.4075949788093567,0.12774138152599335,0.023830149322748184,0.5103658437728882,0.010781709104776382,0.006301371846348047
7.70851993560791,1.4366065078486165,0.22238230378490051,-0.41688172505392979,0.54905677642912665,-0.25432182613012605,-0.46515265471989276,-0.04397951066493988,0.4075949788093567,0.12774138152599335,0.023830149322748184,0.5103658437728882,0.010781709104776382,0.006301371846348047
7.7389068603515625,1.435128994380968,0.22401596960123207,-0.42084975847978562,0.54859378982195361,-0.252607232402834,-0.46530747907796149,-0.04397951066493988,0.4075949788093567,0.12774138152599335,0.023830149322748184,0.5103658437728882,0.010781709104776382,0.006301371846348047
7.768532991409302,1.4327593054458994,0.22432035978913836,-0.42536657231148822,0.54819185418122762,-0.25082150699954847,-0.46543403633019109,-0.04397951066493988,0.4075949788093567,0.12774138152599335,0.023830149322748184,0.5103658437728882,0.010781709104776382,0.006301371846348047
7.798519849777222,1.4308164437371294,0.225568758081408,-0.4284460852642259,0.5477416133983124,-0.24878844204502315,-0.46555423638464277,-0.04397951066493988,0.4075949788093567,0.12774138152599335,0.023830149322748184,0.5103658437728882,0.010781709104776382,0.006301371846348047
7.8285088539123535,1.4297936534122186,0.22588086350283978,-0.43010762124345253,0.54729181842969021,-0.24667652620266992,-0.46562256106183592,-0.04397951066493988,0.4075949788093567,0.12774138152599335,0.023830149322748184,0.5103658437728882,0.010781709104776382,0.006301371846348047
7.858974933624268,1.4284830296986346,0.22678467981762332,-0.43145211078874446,0.54677297622426668,-0.2443565827173412,-0.46573509042155076,-0.04397951066493988,0.4075949788093567,0.12774138152599335,0.023830149322748184,0.5103658437728882,0.010781709104776382,0.006301371846348047
7.888574838638306,1.4277232864742671,0.22779095793632434,-0.43192321562710362,0.54617991049189618,-0.24194437811724329,-0.46583852438878137,-0.04397951066493988,0.4075949788093567,0.12774138152599335,0.023830149322748184,0.5103658437728882,0.010781709104776382,0.006301371846348047
7.918523788452148,1.4274301060581023,0.2268332014481115,-0.43154471316205817,0.54559041551651422,-0.23977728816149924,-0.46593752921169757,-0.04397951066493988,0.4075949788093567,0.12774138152599335,0.023830149322748184,0.5103658437728882,0.010781709104776382,0.006301371846348047
7.948578834533691,1.4272457243419154,0.2260102389994921,-0.4298478694281998,0.54490024514167479,-0.23747040580692885,-0.46608465280403233,-0.04397951066493988,0.4075949788093567,0.12774138152599335,0.023830149322748184,0.5103658437728882,0.010781709104776382,0.006301371846348047
7.978526830673218,1.4280809122828237,0.22444606121289931,-0.42761999903929615,0.54411073637140928,-0.2352884456535472,-0.46622583652243571,-0.04397951066493988,0.4075949788093567,0.12774138152599335,0.023830149322748184,0.5103658437728882,0.010781709104776382,0.006301371846348047
8.008512020111084,1.4289995578065118,0.2224434758493484,-0.4242965619651492,0.54313907780156534,-0.23295217302379553,-0.46641040208326967,-0.04397951066493988,0.4075949788093567,0.12774138152599335,0.023830149322748184,0.5103658437728882,0.010781709104776382,0.006301371846348047
